"MinDate","MeasurementMethods","StatVar","observationPeriods","ScalingFactors","Units","NumPlaces"
"2018","[]","Count_MortalityEvent_CertainConditionsOriginatingInThePerinatalPeriod_Female_Asian","[P1Y]","[]","[]","1"
"2018","[]","Count_MortalityEvent_ParkinsonsDisease_Male_BlackOrAfricanAmericanAlone","[P1Y]","[]","[]","30"
"2018","[]","Count_MortalityEvent_IntentionalSelf-Harm_Suicide_ByOtherAndUnspecifiedMeansAndTheirSequelae_Male_Asian","[P1Y]","[]","[]","20"
"2018","[]","Count_MortalityEvent_TransportAccidents_Female_AmericanIndianOrAlaskaNative","[P1Y]","[]","[]","6"
"2018","[]","Count_MortalityEvent_MalignantNeoplasmOfCervixUteri_Female_Asian","[P1Y]","[]","[]","2"
"2018","[]","Count_MortalityEvent_IntentionalSelf-Harm_Suicide_ByDischargeOfFirearms_Male_Asian","[P1Y]","[]","[]","6"
"2018","[]","Count_MortalityEvent_OtherFormsOfChronicIschemicHeartDisease_Male_Asian","[P1Y]","[]","[]","93"
"2018","[]","Count_MortalityEvent_CongenitalMalformationsDeformationsAndChromosomalAbnormalities_Male_BlackOrAfricanAmericanAlone","[P1Y]","[]","[]","20"
"2018","[]","Count_MortalityEvent_HeartFailure_Female_BlackOrAfricanAmericanAlone","[P1Y]","[]","[]","180"
"2020","[]","Count_MortalityEvent_AlcoholicLiverDisease_Female_Asian","[P1Y]","[]","[]","1"
"2018","[]","Count_MortalityEvent_ChronicLowerRespiratoryDiseases_Female_White","[P1Y]","[]","[]","1940"
"2018","[]","Count_MortalityEvent_SymptomsSignsAndAbnormalClinicalAndLaboratoryFindingsNotElsewhereClassified_Male_Asian","[P1Y]","[]","[]","13"
"2018","[]","Count_MortalityEvent_AllOtherAndUnspecifiedMalignantNeoplasms_Male_White","[P1Y]","[]","[]","1161"
"2022","[]","Count_MortalityEvent_Septicemia_Male_NativeHawaiianOrOtherPacificIslanderAlone","[P1Y]","[]","[]","1"
"2019","[]","Count_MortalityEvent_MalignantNeoplasmsOfTracheaBronchusAndLung_Female_NativeHawaiianOrOtherPacificIslanderAlone","[P1Y]","[]","[]","1"
"2018","[]","Count_MortalityEvent_MalignantNeoplasmOfEsophagus_Male_Asian","[P1Y]","[]","[]","8"
"2018","[]","Count_MortalityEvent_Assault_Homicide_ByOtherAndUnspecifiedMeansAndTheirSequelae_Female_BlackOrAfricanAmericanAlone","[P1Y]","[]","[]","11"
"2021","[]","Count_MortalityEvent_PepticUlcer_Male_BlackOrAfricanAmericanAlone","[P1Y]","[]","[]","2"
"2018","[]","Count_MortalityEvent_MalignantNeoplasmOfProstate_Male_BlackOrAfricanAmericanAlone","[P1Y]","[]","[]","183"
"2018","[]","Count_MortalityEvent_CertainOtherIntestinalInfections_Male_White","[P1Y]","[]","[]","71"
"2023","[]","Count_MortalityEvent_MalignantNeoplasmsOfColonRectumAndAnus_Male_NativeHawaiianOrOtherPacificIslanderAlone","[P1Y]","[]","[]","1"
"2020","[]","Count_MortalityEvent_OtherAndUnspecifiedInfectiousAndParasiticDiseasesAndTheirSequelae_Female_NativeHawaiianOrOtherPacificIslanderAlone","[P1Y]","[]","[]","14"
"2018","[]","Count_MortalityEvent_AllOtherDiseases_Residual__Female_Asian","[P1Y]","[]","[]","128"
"2018","[]","Count_MortalityEvent_OtherFormsOfChronicIschemicHeartDisease_Female_White","[P1Y]","[]","[]","1770"
"2018","[]","Count_MortalityEvent_MalignantNeoplasmOfCervixUteri_Female_BlackOrAfricanAmericanAlone","[P1Y]","[]","[]","21"
"2018","[]","Count_MortalityEvent_MalignantNeoplasmsOfLiverAndIntrahepaticBileDucts_Female_White","[P1Y]","[]","[]","265"
"2018","[]","Count_MortalityEvent_MajorCardiovascularDiseases_Female_Asian","[P1Y]","[]","[]","197"
"2018","[]","Count_MortalityEvent_OtherChronicLowerRespiratoryDiseases_Male_AmericanIndianOrAlaskaNative","[P1Y]","[]","[]","2"
"2018","[]","Count_MortalityEvent_OtherDiseasesOfCirculatorySystem_Male_Asian","[P1Y]","[]","[]","10"
"2018","[]","Count_MortalityEvent_AcuteMyocardialInfarction_Female_TwoOrMoreRaces","[P1Y]","[]","[]","2"
"2018","[]","Count_MortalityEvent_MalignantNeoplasmsOfTracheaBronchusAndLung_Male_BlackOrAfricanAmericanAlone","[P1Y]","[]","[]","270"
"2018","[]","Count_MortalityEvent_OtherFormsOfChronicIschemicHeartDisease_Female_AmericanIndianOrAlaskaNative","[P1Y]","[]","[]","10"
"2018","[]","Count_MortalityEvent_HodgkinsDisease_Female_White","[P1Y]","[]","[]","2"
"2018","[]","Count_MortalityEvent_AllOtherFormsOfChronicIschemicHeartDisease_Female_TwoOrMoreRaces","[P1Y]","[]","[]","6"
"2018","[]","Count_MortalityEvent_AtheroscleroticCardiovascularDiseaseSoDescribed_Female_BlackOrAfricanAmericanAlone","[P1Y]","[]","[]","118"
"2020","[]","Count_MortalityEvent_Pneumonia_Male_AmericanIndianOrAlaskaNative","[P1Y]","[]","[]","2"
"2018","[]","Count_MortalityEvent_NephritisNephroticSyndromeAndNephrosis_Female_AmericanIndianOrAlaskaNative","[P1Y]","[]","[]","2"
"2018","[]","Count_MortalityEvent_InSituNeoplasmsBenignNeoplasmsAndNeoplasmsOfUncertainOrUnknownBehavior_Male_Asian","[P1Y]","[]","[]","9"
"2018","[]","Count_MortalityEvent_NutritionalDeficiencies_Male_BlackOrAfricanAmericanAlone","[P1Y]","[]","[]","18"
"2018","[]","Count_MortalityEvent_NephritisNephroticSyndromeAndNephrosis_Female_BlackOrAfricanAmericanAlone","[P1Y]","[]","[]","175"
"2018","[]","Count_MortalityEvent_OtherFormsOfChronicIschemicHeartDisease_Female_NativeHawaiianOrOtherPacificIslanderAlone","[P1Y]","[]","[]","4"
"2018","[]","Count_MortalityEvent_Suicide_Female_BlackOrAfricanAmericanAlone","[P1Y]","[]","[]","15"
"2018","[]","Count_MortalityEvent_AllOtherAndUnspecifiedMalignantNeoplasms_Female_BlackOrAfricanAmericanAlone","[P1Y]","[]","[]","151"
"2019","[]","Count_MortalityEvent_MalignantNeoplasmOfLarynx_Female_White","[P1Y]","[]","[]","2"
"2018","[]","Count_MortalityEvent_OtherChronicLowerRespiratoryDiseases_Female_Asian","[P1Y]","[]","[]","18"
"2018","[]","Count_MortalityEvent_TransportAccidents_Male_White","[P1Y]","[]","[]","995"
"2018","[]","Count_MortalityEvent_HodgkinsDisease_Male_White","[P1Y]","[]","[]","2"
"2018","[]","Count_MortalityEvent_DiseasesOfHeart_Female_TwoOrMoreRaces","[P1Y]","[]","[]","31"
"2018","[]","Count_MortalityEvent_CerebrovascularDiseases_Male_NativeHawaiianOrOtherPacificIslanderAlone","[P1Y]","[]","[]","1"
"2018","[]","Count_MortalityEvent_Assault_Homicide_ByOtherAndUnspecifiedMeansAndTheirSequelae_Male_White","[P1Y]","[]","[]","48"
"2018","[]","Count_MortalityEvent_Accidents_UnintentionalInjuries__Male_Asian","[P1Y]","[]","[]","72"
"2018","[]","Count_MortalityEvent_AlzheimersDisease_Male_BlackOrAfricanAmericanAlone","[P1Y]","[]","[]","99"
"2018","[]","Count_MortalityEvent_MultipleMyelomaAndImmunoproliferativeNeoplasms_Male_Asian","[P1Y]","[]","[]","3"
"2018","[]","Count_MortalityEvent_OtherDiseasesOfArteriesArteriolesAndCapillaries_Female_BlackOrAfricanAmericanAlone","[P1Y]","[]","[]","20"
"2018","[]","Count_MortalityEvent_AllOtherFormsOfChronicIschemicHeartDisease_Male_BlackOrAfricanAmericanAlone","[P1Y]","[]","[]","284"
"2018","[]","Count_MortalityEvent_EventsOfUndeterminedIntent_Female_White","[P1Y]","[]","[]","43"
"2018","[]","Count_MortalityEvent_InSituNeoplasmsBenignNeoplasmsAndNeoplasmsOfUncertainOrUnknownBehavior_Female_Asian","[P1Y]","[]","[]","5"
"2018","[]","Count_MortalityEvent_IntentionalSelf-Harm_Suicide_ByOtherAndUnspecifiedMeansAndTheirSequelae_Female_Asian","[P1Y]","[]","[]","11"
"2018","[]","Count_MortalityEvent_OtherChronicLiverDiseaseAndCirrhosis_Male_BlackOrAfricanAmericanAlone","[P1Y]","[]","[]","27"
"2018","[]","Count_MortalityEvent_DiseasesOfHeart_Male_White","[P1Y]","[]","[]","2847"
"2018","[]","Count_MortalityEvent_AlzheimersDisease_Male_TwoOrMoreRaces","[P1Y]","[]","[]","2"
"2018","[]","Count_MortalityEvent_CerebrovascularDiseases_Female_AmericanIndianOrAlaskaNative","[P1Y]","[]","[]","8"
"2018","[]","Count_MortalityEvent_MalignantNeoplasmsOfTracheaBronchusAndLung_Female_TwoOrMoreRaces","[P1Y]","[]","[]","5"
"2018","[]","Count_MortalityEvent_HypertensiveHeartAndRenalDisease_Female_White","[P1Y]","[]","[]","261"
"2018","[]","Count_MortalityEvent_OtherHeartDiseases_Male_Asian","[P1Y]","[]","[]","66"
"2018","[]","Count_MortalityEvent_ChronicLowerRespiratoryDiseases_Female_BlackOrAfricanAmericanAlone","[P1Y]","[]","[]","181"
"2018","[]","Count_MortalityEvent_MalignantNeoplasmOfBladder_Male_White","[P1Y]","[]","[]","426"
"2018","[]","Count_MortalityEvent_Accidents_UnintentionalInjuries__Female_AmericanIndianOrAlaskaNative","[P1Y]","[]","[]","26"
"2023","[]","Count_MortalityEvent_AllOtherAndUnspecifiedMalignantNeoplasms_Female_AmericanIndianOrAlaskaNative","[P1Y]","[]","[]","1"
"2020","[]","Count_MortalityEvent_CholelithiasisAndOtherDisordersOfGallbladder_Female_BlackOrAfricanAmericanAlone","[P1Y]","[]","[]","2"
"2018","[]","Count_MortalityEvent_InfluenzaAndPneumonia_Male_Asian","[P1Y]","[]","[]","30"
"2022","[]","Count_MortalityEvent_EnterocolitisDueToClostridiumDifficile_Female_Asian","[P1Y]","[]","[]","1"
"2018","[]","Count_MortalityEvent_OtherHeartDiseases_Female_BlackOrAfricanAmericanAlone","[P1Y]","[]","[]","435"
"2018","[]","Count_MortalityEvent_MalignantMelanomaOfSkin_Female_White","[P1Y]","[]","[]","83"
"2018","[]","Count_MortalityEvent_OtherFormsOfChronicIschemicHeartDisease_Male_TwoOrMoreRaces","[P1Y]","[]","[]","17"
"2018","[]","Count_MortalityEvent_PneumonitisDueToSolidsAndLiquids_Male_White","[P1Y]","[]","[]","366"
"2018","[]","Count_MortalityEvent_MalignantNeoplasmsOfLipOralCavityAndPharynx_Male_White","[P1Y]","[]","[]","250"
"2018","[]","Count_MortalityEvent_Suicide_Male_TwoOrMoreRaces","[P1Y]","[]","[]","9"
"2020","[]","Count_MortalityEvent_Atherosclerosis_Male_Asian","[P1Y]","[]","[]","3"
"2018","[]","Count_MortalityEvent_OtherChronicLiverDiseaseAndCirrhosis_Female_Asian","[P1Y]","[]","[]","4"
"2018","[]","Count_MortalityEvent_MalignantNeoplasmOfEsophagus_Female_White","[P1Y]","[]","[]","81"
"2018","[]","Count_MortalityEvent_ParkinsonsDisease_Female_White","[P1Y]","[]","[]","507"
"2020","[]","Count_MortalityEvent_PepticUlcer_Female_BlackOrAfricanAmericanAlone","[P1Y]","[]","[]","2"
"2018","[]","Count_MortalityEvent_NontransportAccidents_Male_Asian","[P1Y]","[]","[]","54"
"2018","[]","Count_MortalityEvent_MajorCardiovascularDiseases_Male_White","[P1Y]","[]","[]","2916"
"2018","[]","Count_MortalityEvent_ChronicLiverDiseaseAndCirrhosis_Male_Asian","[P1Y]","[]","[]","17"
"2018","[]","Count_MortalityEvent_Pneumonia_Male_BlackOrAfricanAmericanAlone","[P1Y]","[]","[]","87"
"2018","[]","Count_MortalityEvent_OtherFormsOfChronicIschemicHeartDisease_Male_NativeHawaiianOrOtherPacificIslanderAlone","[P1Y]","[]","[]","11"
"2018","[]","Count_MortalityEvent_Influenza_Female_BlackOrAfricanAmericanAlone","[P1Y]","[]","[]","4"
"2018","[]","Count_MortalityEvent_Essential_Primary_HypertensionAndHypertensiveRenalDisease_Male_White","[P1Y]","[]","[]","501"
"2018","[]","Count_MortalityEvent_AllOtherFormsOfHeartDisease_Female_BlackOrAfricanAmericanAlone","[P1Y]","[]","[]","301"
"2018","[]","Count_MortalityEvent_AcuteMyocardialInfarction_Female_NativeHawaiianOrOtherPacificIslanderAlone","[P1Y]","[]","[]","1"
"2018","[]","Count_MortalityEvent_OtherChronicLiverDiseaseAndCirrhosis_Male_White","[P1Y]","[]","[]","418"
"2018","[]","Count_MortalityEvent_CongenitalMalformationsDeformationsAndChromosomalAbnormalities_Female_White","[P1Y]","[]","[]","108"
"2018","[]","Count_MortalityEvent_AccidentalPoisoningAndExposureToNoxiousSubstances_Male_TwoOrMoreRaces","[P1Y]","[]","[]","30"
"2018","[]","Count_MortalityEvent_PregnancyChildbirthAndThePuerperium_Female_White","[P1Y]","[]","[]","6"
"2018","[]","Count_MortalityEvent_CholelithiasisAndOtherDisordersOfGallbladder_Female_White","[P1Y]","[]","[]","36"
"2018","[]","Count_MortalityEvent_AllOtherFormsOfHeartDisease_Female_TwoOrMoreRaces","[P1Y]","[]","[]","4"
"2018","[]","Count_MortalityEvent_CertainConditionsOriginatingInThePerinatalPeriod_Male_TwoOrMoreRaces","[P1Y]","[]","[]","3"
"2018","[]","Count_MortalityEvent_Falls_Female_BlackOrAfricanAmericanAlone","[P1Y]","[]","[]","33"
"2018","[]","Count_MortalityEvent_CertainConditionsOriginatingInThePerinatalPeriod_Female_TwoOrMoreRaces","[P1Y]","[]","[]","2"
"2018","[]","Count_MortalityEvent_PneumonitisDueToSolidsAndLiquids_Female_Asian","[P1Y]","[]","[]","11"
"2021","[]","Count_MortalityEvent_MalignantNeoplasmOfEsophagus_Female_Asian","[P1Y]","[]","[]","1"
"2018","[]","Count_MortalityEvent_MalignantNeoplasmOfPancreas_Male_BlackOrAfricanAmericanAlone","[P1Y]","[]","[]","93"
"2018","[]","Count_MortalityEvent_MalignantNeoplasmsOfLipOralCavityAndPharynx_Female_White","[P1Y]","[]","[]","72"
"2018","[]","Count_MortalityEvent_MalignantNeoplasmOfOvary_Female_BlackOrAfricanAmericanAlone","[P1Y]","[]","[]","41"
"2018","[]","Count_MortalityEvent_RespiratoryTuberculosis_Male_White","[P1Y]","[]","[]","1"
"2018","[]","Count_MortalityEvent_MalignantNeoplasmsOfLipOralCavityAndPharynx_Male_Asian","[P1Y]","[]","[]","9"
"2018","[]","Count_MortalityEvent_MalignantNeoplasmsOfKidneyAndRenalPelvis_Female_BlackOrAfricanAmericanAlone","[P1Y]","[]","[]","10"
"2018","[]","Count_MortalityEvent_Asthma_Female_White","[P1Y]","[]","[]","28"
"2018","[]","Count_MortalityEvent_OtherDiseasesOfRespiratorySystem_Female_White","[P1Y]","[]","[]","721"
"2018","[]","Count_MortalityEvent_HypertensiveHeartDisease_Male_BlackOrAfricanAmericanAlone","[P1Y]","[]","[]","178"
"2018","[]","Count_MortalityEvent_AccidentalPoisoningAndExposureToNoxiousSubstances_Female_BlackOrAfricanAmericanAlone","[P1Y]","[]","[]","144"
"2018","[]","Count_MortalityEvent_NutritionalDeficiencies_Female_BlackOrAfricanAmericanAlone","[P1Y]","[]","[]","32"
"2018","[]","Count_MortalityEvent_MalignantNeoplasmOfProstate_Male_Asian","[P1Y]","[]","[]","22"
"2018","[]","Count_MortalityEvent_Assault_Homicide_ByDischargeOfFirearms_Male_AmericanIndianOrAlaskaNative","[P1Y]","[]","[]","4"
"2018","[]","Count_MortalityEvent_AtheroscleroticCardiovascularDiseaseSoDescribed_Male_BlackOrAfricanAmericanAlone","[P1Y]","[]","[]","172"
"2018","[]","Count_MortalityEvent_RenalFailure_Female_White","[P1Y]","[]","[]","743"
"2018","[]","Count_MortalityEvent_OtherDiseasesOfRespiratorySystem_Female_Asian","[P1Y]","[]","[]","18"
"2018","[]","Count_MortalityEvent_MalignantNeoplasmsOfKidneyAndRenalPelvis_Female_Asian","[P1Y]","[]","[]","1"
"2018","[]","Count_MortalityEvent_ParkinsonsDisease_Male_White","[P1Y]","[]","[]","728"
"2018","[]","Count_MortalityEvent_AllOtherFormsOfChronicIschemicHeartDisease_Female_BlackOrAfricanAmericanAlone","[P1Y]","[]","[]","232"
"2018","[]","Count_MortalityEvent_DiabetesMellitus_Female_White","[P1Y]","[]","[]","1099"
"2021","[]","Count_MortalityEvent_Assault_Homicide_ByOtherAndUnspecifiedMeansAndTheirSequelae_Male_AmericanIndianOrAlaskaNative","[P1Y]","[]","[]","1"
"2018","[]","Count_MortalityEvent_AllOtherDiseases_Residual__Female_TwoOrMoreRaces","[P1Y]","[]","[]","29"
"2018","[]","Count_MortalityEvent_Assault_Homicide_ByDischargeOfFirearms_Female_White","[P1Y]","[]","[]","28"
"2018","[]","Count_MortalityEvent_AtheroscleroticCardiovascularDiseaseSoDescribed_Male_White","[P1Y]","[]","[]","975"
"2018","[]","Count_MortalityEvent_AtheroscleroticCardiovascularDiseaseSoDescribed_Male_NativeHawaiianOrOtherPacificIslanderAlone","[P1Y]","[]","[]","2"
"2018","[]","Count_MortalityEvent_MalignantNeoplasmOfLarynx_Male_BlackOrAfricanAmericanAlone","[P1Y]","[]","[]","9"
"2019","[]","Count_MortalityEvent_ParkinsonsDisease_Male_TwoOrMoreRaces","[P1Y]","[]","[]","1"
"2018","[]","Count_MortalityEvent_AlcoholicLiverDisease_Female_AmericanIndianOrAlaskaNative","[P1Y]","[]","[]","14"
"2018","[]","Count_MortalityEvent_DiseasesOfHeart_Male_Asian","[P1Y]","[]","[]","172"
"2018","[]","Count_MortalityEvent_ChronicLiverDiseaseAndCirrhosis_Male_White","[P1Y]","[]","[]","913"
"2018","[]","Count_MortalityEvent_AorticAneurysmAndDissection_Female_BlackOrAfricanAmericanAlone","[P1Y]","[]","[]","8"
"2018","[]","Count_MortalityEvent_AccidentalDrowningAndSubmersion_Male_BlackOrAfricanAmericanAlone","[P1Y]","[]","[]","8"
"2018","[]","Count_MortalityEvent_AccidentalPoisoningAndExposureToNoxiousSubstances_Male_White","[P1Y]","[]","[]","1127"
"2018","[]","Count_MortalityEvent_OtherChronicLiverDiseaseAndCirrhosis_Male_Asian","[P1Y]","[]","[]","6"
"2018","[]","Count_MortalityEvent_RenalFailure_Male_BlackOrAfricanAmericanAlone","[P1Y]","[]","[]","171"
"2018","[]","Count_MortalityEvent_HypertensiveHeartDisease_Female_Asian","[P1Y]","[]","[]","21"
"2018","[]","Count_MortalityEvent_MalignantNeoplasmsOfColonRectumAndAnus_Female_Asian","[P1Y]","[]","[]","26"
"2019","[]","Count_MortalityEvent_MalignantNeoplasmOfBreast_Female_NativeHawaiianOrOtherPacificIslanderAlone","[P1Y]","[]","[]","2"
"2018","[]","Count_MortalityEvent_ViralHepatitis_Male_BlackOrAfricanAmericanAlone","[P1Y]","[]","[]","10"
"2019","[]","Count_MortalityEvent_Assault_Homicide_ByDischargeOfFirearms_Male_TwoOrMoreRaces","[P1Y]","[]","[]","3"
"2018","[]","Count_MortalityEvent_AlzheimersDisease_Female_Asian","[P1Y]","[]","[]","42"
"2019","[]","Count_MortalityEvent_ComplicationsOfMedicalAndSurgicalCare_Male_BlackOrAfricanAmericanAlone","[P1Y]","[]","[]","2"
"2018","[]","Count_MortalityEvent_NephritisNephroticSyndromeAndNephrosis_Male_White","[P1Y]","[]","[]","797"
"2018","[]","Count_MortalityEvent_Emphysema_Female_BlackOrAfricanAmericanAlone","[P1Y]","[]","[]","2"
"2020","[]","Count_MortalityEvent_OtherAndUnspecifiedInfectiousAndParasiticDiseasesAndTheirSequelae_Male_TwoOrMoreRaces","[P1Y]","[]","[]","26"
"2018","[]","Count_MortalityEvent_Septicemia_Male_BlackOrAfricanAmericanAlone","[P1Y]","[]","[]","109"
"2018","[]","Count_MortalityEvent_NutritionalDeficiencies_Female_White","[P1Y]","[]","[]","439"
"2018","[]","Count_MortalityEvent_ChronicLowerRespiratoryDiseases_Male_NativeHawaiianOrOtherPacificIslanderAlone","[P1Y]","[]","[]","1"
"2018","[]","Count_MortalityEvent_NontransportAccidents_Male_NativeHawaiianOrOtherPacificIslanderAlone","[P1Y]","[]","[]","3"
"2018","[]","Count_MortalityEvent_MalignantNeoplasmOfEsophagus_Female_BlackOrAfricanAmericanAlone","[P1Y]","[]","[]","5"
"2021","[]","Count_MortalityEvent_RenalFailure_Male_NativeHawaiianOrOtherPacificIslanderAlone","[P1Y]","[]","[]","1"
"2018","[]","Count_MortalityEvent_InSituNeoplasmsBenignNeoplasmsAndNeoplasmsOfUncertainOrUnknownBehavior_Female_BlackOrAfricanAmericanAlone","[P1Y]","[]","[]","20"
"2018","[]","Count_MortalityEvent_Suicide_Female_Asian","[P1Y]","[]","[]","14"
"2018","[]","Count_MortalityEvent_ViralHepatitis_Female_White","[P1Y]","[]","[]","19"
"2018","[]","Count_MortalityEvent_IschemicHeartDiseases_Male_AmericanIndianOrAlaskaNative","[P1Y]","[]","[]","40"
"2018","[]","Count_MortalityEvent_OtherChronicLiverDiseaseAndCirrhosis_Female_BlackOrAfricanAmericanAlone","[P1Y]","[]","[]","17"
"2018","[]","Count_MortalityEvent_MalignantNeoplasmsOfColonRectumAndAnus_Male_BlackOrAfricanAmericanAlone","[P1Y]","[]","[]","122"
"2018","[]","Count_MortalityEvent_AllOtherFormsOfHeartDisease_Male_TwoOrMoreRaces","[P1Y]","[]","[]","7"
"2018","[]","Count_MortalityEvent_ChronicLiverDiseaseAndCirrhosis_Female_White","[P1Y]","[]","[]","593"
"2018","[]","Count_MortalityEvent_AccidentalExposureToSmokeFireAndFlames_Male_BlackOrAfricanAmericanAlone","[P1Y]","[]","[]","4"
"2022","[]","Count_MortalityEvent_DiseasesOfPericardiumAndAcuteMyocarditis_Female_White","[P1Y]","[]","[]","1"
"2018","[]","Count_MortalityEvent_MalignantNeoplasmsOfLymphoidHematopoieticAndRelatedTissue_Male_TwoOrMoreRaces","[P1Y]","[]","[]","2"
"2018","[]","Count_MortalityEvent_MajorCardiovascularDiseases_Male_TwoOrMoreRaces","[P1Y]","[]","[]","54"
"2018","[]","Count_MortalityEvent_Septicemia_Female_White","[P1Y]","[]","[]","646"
"2018","[]","Count_MortalityEvent_IschemicHeartDiseases_Male_White","[P1Y]","[]","[]","2611"
"2018","[]","Count_MortalityEvent_Pneumonia_Female_White","[P1Y]","[]","[]","663"
"2018","[]","Count_MortalityEvent_MalignantNeoplasmOfEsophagus_Male_BlackOrAfricanAmericanAlone","[P1Y]","[]","[]","18"
"2018","[]","Count_MortalityEvent_OtherAndUnspecifiedNontransportAccidentsAndTheirSequelae_Male_White","[P1Y]","[]","[]","366"
"2018","[]","Count_MortalityEvent_MalignantNeoplasmsOfLiverAndIntrahepaticBileDucts_Female_Asian","[P1Y]","[]","[]","19"
"2018","[]","Count_MortalityEvent_AlzheimersDisease_Male_White","[P1Y]","[]","[]","1064"
"2018","[]","Count_MortalityEvent_IschemicHeartDiseases_Female_White","[P1Y]","[]","[]","2269"
"2018","[]","Count_MortalityEvent_LegalIntervention_Male_White","[P1Y]","[]","[]","5"
"2018","[]","Count_MortalityEvent_IntentionalSelf-Harm_Suicide_ByOtherAndUnspecifiedMeansAndTheirSequelae_Female_BlackOrAfricanAmericanAlone","[P1Y]","[]","[]","5"
"2018","[]","Count_MortalityEvent_MalignantNeoplasmOfStomach_Male_White","[P1Y]","[]","[]","157"
"2018","[]","Count_MortalityEvent_MalignantNeoplasmsOfTracheaBronchusAndLung_Female_BlackOrAfricanAmericanAlone","[P1Y]","[]","[]","189"
"2018","[]","Count_MortalityEvent_AllOtherFormsOfChronicIschemicHeartDisease_Female_Asian","[P1Y]","[]","[]","49"
"2018","[]","Count_MortalityEvent_HypertensiveHeartDisease_Female_White","[P1Y]","[]","[]","875"
"2018","[]","Count_MortalityEvent_DiabetesMellitus_Female_Asian","[P1Y]","[]","[]","44"
"2018","[]","Count_MortalityEvent_ParkinsonsDisease_Male_Asian","[P1Y]","[]","[]","22"
"2018","[]","Count_MortalityEvent_OtherAcuteIschemicHeartDiseases_Female_BlackOrAfricanAmericanAlone","[P1Y]","[]","[]","10"
"2018","[]","Count_MortalityEvent_AccidentalDrowningAndSubmersion_Female_Asian","[P1Y]","[]","[]","1"
"2018","[]","Count_MortalityEvent_MalignantNeoplasmOfProstate_Male_White","[P1Y]","[]","[]","861"
"2020","[]","Count_MortalityEvent_COVID19_Female_AmericanIndianOrAlaskaNative","[P1Y]","[]","[]","55"
"2021","[]","Count_MortalityEvent_IntentionalSelf-Harm_Suicide_ByDischargeOfFirearms_Female_BlackOrAfricanAmericanAlone","[P1Y]","[]","[]","3"
"2018","[]","Count_MortalityEvent_OtherDiseasesOfRespiratorySystem_Male_Asian","[P1Y]","[]","[]","24"
"2018","[]","Count_MortalityEvent_InfluenzaAndPneumonia_Male_AmericanIndianOrAlaskaNative","[P1Y]","[]","[]","5"
"2018","[]","Count_MortalityEvent_OtherDiseasesOfCirculatorySystem_Male_TwoOrMoreRaces","[P1Y]","[]","[]","1"
"2018","[]","Count_MortalityEvent_IschemicHeartDiseases_Male_Asian","[P1Y]","[]","[]","130"
"2018","[]","Count_MortalityEvent_AccidentalDrowningAndSubmersion_Male_Asian","[P1Y]","[]","[]","2"
"2020","[]","Count_MortalityEvent_ViralHepatitis_Female_Asian","[P1Y]","[]","[]","1"
"2018","[]","Count_MortalityEvent_Leukemia_Female_Asian","[P1Y]","[]","[]","6"
"2018","[]","Count_MortalityEvent_Pneumonia_Male_TwoOrMoreRaces","[P1Y]","[]","[]","1"
"2018","[]","Count_MortalityEvent_IschemicHeartDiseases_Female_NativeHawaiianOrOtherPacificIslanderAlone","[P1Y]","[]","[]","4"
"2018","[]","Count_MortalityEvent_OtherFormsOfChronicIschemicHeartDisease_Male_AmericanIndianOrAlaskaNative","[P1Y]","[]","[]","23"
"2022","[]","Count_MortalityEvent_CholelithiasisAndOtherDisordersOfGallbladder_Female_Asian","[P1Y]","[]","[]","1"
"2018","[]","Count_MortalityEvent_DiseasesOfHeart_Male_NativeHawaiianOrOtherPacificIslanderAlone","[P1Y]","[]","[]","19"
"2018","[]","Count_MortalityEvent_OtherDiseasesOfArteriesArteriolesAndCapillaries_Male_Asian","[P1Y]","[]","[]","2"
"2018","[]","Count_MortalityEvent_IntentionalSelf-Harm_Suicide_ByDischargeOfFirearms_Male_BlackOrAfricanAmericanAlone","[P1Y]","[]","[]","64"
"2018","[]","Count_MortalityEvent_MalignantNeoplasms_Male_BlackOrAfricanAmericanAlone","[P1Y]","[]","[]","757"
"2018","[]","Count_MortalityEvent_DiabetesMellitus_Male_Asian","[P1Y]","[]","[]","54"
"2020","[]","Count_MortalityEvent_COVID19_Female_White","[P1Y]","[]","[]","2235"
"2018","[]","Count_MortalityEvent_AllOtherDiseases_Residual__Male_White","[P1Y]","[]","[]","2359"
"2018","[]","Count_MortalityEvent_AccidentalPoisoningAndExposureToNoxiousSubstances_Male_Asian","[P1Y]","[]","[]","23"
"2018","[]","Count_MortalityEvent_OtherAndUnspecifiedInfectiousAndParasiticDiseasesAndTheirSequelae_Female_Asian","[P1Y]","[]","[]","101"
"2018","[]","Count_MortalityEvent_OtherChronicLowerRespiratoryDiseases_Male_White","[P1Y]","[]","[]","1852"
"2018","[]","Count_MortalityEvent_Influenza_Male_White","[P1Y]","[]","[]","90"
"2018","[]","Count_MortalityEvent_AlcoholicLiverDisease_Male_BlackOrAfricanAmericanAlone","[P1Y]","[]","[]","48"
"2018","[]","Count_MortalityEvent_Assault_Homicide__Male_AmericanIndianOrAlaskaNative","[P1Y]","[]","[]","8"
"2018","[]","Count_MortalityEvent_Accidents_UnintentionalInjuries__Female_Asian","[P1Y]","[]","[]","43"
"2018","[]","Count_MortalityEvent_NontransportAccidents_Male_White","[P1Y]","[]","[]","1732"
"2018","[]","Count_MortalityEvent_IntentionalSelf-Harm_Suicide_ByOtherAndUnspecifiedMeansAndTheirSequelae_Male_White","[P1Y]","[]","[]","475"
"2020","[]","Count_MortalityEvent_OtherAndUnspecifiedInfectiousAndParasiticDiseasesAndTheirSequelae_Female_TwoOrMoreRaces","[P1Y]","[]","[]","19"
"2018","[]","Count_MortalityEvent_AcuteAndSubacuteEndocarditis_Male_White","[P1Y]","[]","[]","5"
"2018","[]","Count_MortalityEvent_AllOtherAndUnspecifiedMalignantNeoplasms_Male_Asian","[P1Y]","[]","[]","37"
"2018","[]","Count_MortalityEvent_MultipleMyelomaAndImmunoproliferativeNeoplasms_Female_White","[P1Y]","[]","[]","150"
"2018","[]","Count_MortalityEvent_MalignantNeoplasmOfProstate_Male_TwoOrMoreRaces","[P1Y]","[]","[]","2"
"2018","[]","Count_MortalityEvent_IntentionalSelf-Harm_Suicide_ByOtherAndUnspecifiedMeansAndTheirSequelae_Male_AmericanIndianOrAlaskaNative","[P1Y]","[]","[]","6"
"2018","[]","Count_MortalityEvent_MalignantNeoplasmsOfCorpusUteriAndUterusPartUnspecified_Female_Asian","[P1Y]","[]","[]","13"
"2018","[]","Count_MortalityEvent_Pneumonia_Female_TwoOrMoreRaces","[P1Y]","[]","[]","1"
"2018","[]","Count_MortalityEvent_AcuteRheumaticFeverAndChronicRheumaticHeartDiseases_Male_White","[P1Y]","[]","[]","14"
"2018","[]","Count_MortalityEvent_MalignantNeoplasmsOfMeningesBrainAndOtherPartsOfCentralNervousSystem_Male_BlackOrAfricanAmericanAlone","[P1Y]","[]","[]","15"
"2018","[]","Count_MortalityEvent_PneumonitisDueToSolidsAndLiquids_Male_BlackOrAfricanAmericanAlone","[P1Y]","[]","[]","37"
"2018","[]","Count_MortalityEvent_OtherDisordersOfCirculatorySystem_Male_White","[P1Y]","[]","[]","46"
"2018","[]","Count_MortalityEvent_AllOtherFormsOfHeartDisease_Male_AmericanIndianOrAlaskaNative","[P1Y]","[]","[]","7"
"2019","[]","Count_MortalityEvent_Suicide_Male_NativeHawaiianOrOtherPacificIslanderAlone","[P1Y]","[]","[]","1"
"2018","[]","Count_MortalityEvent_CertainOtherIntestinalInfections_Female_BlackOrAfricanAmericanAlone","[P1Y]","[]","[]","6"
"2020","[]","Count_MortalityEvent_Malnutrition_Female_Asian","[P1Y]","[]","[]","6"
"2018","[]","Count_MortalityEvent_OtherHeartDiseases_Female_TwoOrMoreRaces","[P1Y]","[]","[]","9"
"2018","[]","Count_MortalityEvent_MalignantNeoplasmsOfColonRectumAndAnus_Male_White","[P1Y]","[]","[]","838"
"2018","[]","Count_MortalityEvent_PepticUlcer_Female_White","[P1Y]","[]","[]","25"
"2018","[]","Count_MortalityEvent_AllOtherDiseases_Residual__Male_NativeHawaiianOrOtherPacificIslanderAlone","[P1Y]","[]","[]","8"
"2020","[]","Count_MortalityEvent_COVID19_Female_BlackOrAfricanAmericanAlone","[P1Y]","[]","[]","578"
"2018","[]","Count_MortalityEvent_ChronicLowerRespiratoryDiseases_Male_BlackOrAfricanAmericanAlone","[P1Y]","[]","[]","192"
"2018","[]","Count_MortalityEvent_MalignantNeoplasmOfBladder_Female_Asian","[P1Y]","[]","[]","2"
"2018","[]","Count_MortalityEvent_OtherLandTransportAccidents_Male_White","[P1Y]","[]","[]","9"
"2018","[]","Count_MortalityEvent_OtherHeartDiseases_Female_NativeHawaiianOrOtherPacificIslanderAlone","[P1Y]","[]","[]","3"
"2018","[]","Count_MortalityEvent_MalignantNeoplasmOfEsophagus_Male_White","[P1Y]","[]","[]","448"
"2018","[]","Count_MortalityEvent_ChronicLowerRespiratoryDiseases_Female_Asian","[P1Y]","[]","[]","24"
"2020","[]","Count_MortalityEvent_AlzheimersDisease_Female_NativeHawaiianOrOtherPacificIslanderAlone","[P1Y]","[]","[]","1"
"2018","[]","Count_MortalityEvent_ChronicLiverDiseaseAndCirrhosis_Male_AmericanIndianOrAlaskaNative","[P1Y]","[]","[]","24"
"2019","[]","Count_MortalityEvent_NephritisNephroticSyndromeAndNephrosis_Female_NativeHawaiianOrOtherPacificIslanderAlone","[P1Y]","[]","[]","1"
"2018","[]","Count_MortalityEvent_Falls_Female_Asian","[P1Y]","[]","[]","17"
"2018","[]","Count_MortalityEvent_NephritisNephroticSyndromeAndNephrosis_Male_BlackOrAfricanAmericanAlone","[P1Y]","[]","[]","171"
"2018","[]","Count_MortalityEvent_InfluenzaAndPneumonia_Female_Asian","[P1Y]","[]","[]","26"
"2018","[]","Count_MortalityEvent_AccidentalPoisoningAndExposureToNoxiousSubstances_Female_Asian","[P1Y]","[]","[]","5"
"2018","[]","Count_MortalityEvent_ChronicLiverDiseaseAndCirrhosis_Male_BlackOrAfricanAmericanAlone","[P1Y]","[]","[]","85"
"2018","[]","Count_MortalityEvent_MalignantNeoplasms_Male_AmericanIndianOrAlaskaNative","[P1Y]","[]","[]","55"
"2018","[]","Count_MortalityEvent_Emphysema_Male_White","[P1Y]","[]","[]","103"
"2018","[]","Count_MortalityEvent_Atherosclerosis_Male_White","[P1Y]","[]","[]","70"
"2018","[]","Count_MortalityEvent_Asthma_Male_BlackOrAfricanAmericanAlone","[P1Y]","[]","[]","9"
"2018","[]","Count_MortalityEvent_CongenitalMalformationsDeformationsAndChromosomalAbnormalities_Female_Asian","[P1Y]","[]","[]","1"
"2018","[]","Count_MortalityEvent_DiabetesMellitus_Male_AmericanIndianOrAlaskaNative","[P1Y]","[]","[]","18"
"2022","[]","Count_MortalityEvent_NutritionalDeficiencies_Male_Asian","[P1Y]","[]","[]","2"
"2018","[]","Count_MortalityEvent_MotorVehicleAccidents_Female_BlackOrAfricanAmericanAlone","[P1Y]","[]","[]","70"
"2018","[]","Count_MortalityEvent_AllOtherDiseases_Residual__Male_BlackOrAfricanAmericanAlone","[P1Y]","[]","[]","514"
"2018","[]","Count_MortalityEvent_MalignantNeoplasmOfStomach_Female_White","[P1Y]","[]","[]","98"
"2018","[]","Count_MortalityEvent_MalignantNeoplasms_Male_TwoOrMoreRaces","[P1Y]","[]","[]","34"
"2018","[]","Count_MortalityEvent_OtherAndUnspecifiedInfectiousAndParasiticDiseasesAndTheirSequelae_Female_White","[P1Y]","[]","[]","2259"
"2018","[]","Count_MortalityEvent_OtherAndUnspecifiedNontransportAccidentsAndTheirSequelae_Male_AmericanIndianOrAlaskaNative","[P1Y]","[]","[]","5"
"2018","[]","Count_MortalityEvent_AllOtherDiseases_Residual__Male_Asian","[P1Y]","[]","[]","102"
"2018","[]","Count_MortalityEvent_MotorVehicleAccidents_Male_AmericanIndianOrAlaskaNative","[P1Y]","[]","[]","13"
"2018","[]","Count_MortalityEvent_AllOtherFormsOfChronicIschemicHeartDisease_Female_NativeHawaiianOrOtherPacificIslanderAlone","[P1Y]","[]","[]","1"
"2018","[]","Count_MortalityEvent_Pneumonia_Male_NativeHawaiianOrOtherPacificIslanderAlone","[P1Y]","[]","[]","1"
"2018","[]","Count_MortalityEvent_AllOtherFormsOfHeartDisease_Female_White","[P1Y]","[]","[]","1673"
"2018","[]","Count_MortalityEvent_CertainOtherIntestinalInfections_Male_BlackOrAfricanAmericanAlone","[P1Y]","[]","[]","4"
"2022","[]","Count_MortalityEvent_MalignantNeoplasmsOfColonRectumAndAnus_Male_AmericanIndianOrAlaskaNative","[P1Y]","[]","[]","1"
"2018","[]","Count_MortalityEvent_Emphysema_Male_BlackOrAfricanAmericanAlone","[P1Y]","[]","[]","3"
"2018","[]","Count_MortalityEvent_Accidents_UnintentionalInjuries__Male_TwoOrMoreRaces","[P1Y]","[]","[]","46"
"2018","[]","Count_MortalityEvent_Suicide_Female_White","[P1Y]","[]","[]","330"
"2018","[]","Count_MortalityEvent_InSituNeoplasmsBenignNeoplasmsAndNeoplasmsOfUncertainOrUnknownBehavior_Male_White","[P1Y]","[]","[]","285"
"2018","[]","Count_MortalityEvent_AcuteRheumaticFeverAndChronicRheumaticHeartDiseases_Female_White","[P1Y]","[]","[]","62"
"2018","[]","Count_MortalityEvent_Assault_Homicide__Male_White","[P1Y]","[]","[]","206"
"2018","[]","Count_MortalityEvent_MalignantNeoplasmsOfMeningesBrainAndOtherPartsOfCentralNervousSystem_Female_White","[P1Y]","[]","[]","251"
"2018","[]","Count_MortalityEvent_CongenitalMalformationsDeformationsAndChromosomalAbnormalities_Female_BlackOrAfricanAmericanAlone","[P1Y]","[]","[]","21"
"2018","[]","Count_MortalityEvent_OtherChronicLowerRespiratoryDiseases_Female_AmericanIndianOrAlaskaNative","[P1Y]","[]","[]","4"
"2018","[]","Count_MortalityEvent_MajorCardiovascularDiseases_Female_TwoOrMoreRaces","[P1Y]","[]","[]","47"
"2018","[]","Count_MortalityEvent_OtherHeartDiseases_Male_White","[P1Y]","[]","[]","2108"
"2018","[]","Count_MortalityEvent_DiabetesMellitus_Female_NativeHawaiianOrOtherPacificIslanderAlone","[P1Y]","[]","[]","3"
"2018","[]","Count_MortalityEvent_MalignantNeoplasmOfBladder_Male_Asian","[P1Y]","[]","[]","6"
"2018","[]","Count_MortalityEvent_IschemicHeartDiseases_Female_Asian","[P1Y]","[]","[]","90"
"2018","[]","Count_MortalityEvent_HypertensiveHeartDisease_Male_AmericanIndianOrAlaskaNative","[P1Y]","[]","[]","5"
"2018","[]","Count_MortalityEvent_MotorVehicleAccidents_Female_Asian","[P1Y]","[]","[]","8"
"2018","[]","Count_MortalityEvent_MalignantNeoplasms_Female_AmericanIndianOrAlaskaNative","[P1Y]","[]","[]","54"
"2018","[]","Count_MortalityEvent_ChronicLowerRespiratoryDiseases_Female_TwoOrMoreRaces","[P1Y]","[]","[]","7"
"2018","[]","Count_MortalityEvent_MalignantNeoplasmsOfLiverAndIntrahepaticBileDucts_Female_BlackOrAfricanAmericanAlone","[P1Y]","[]","[]","38"
"2018","[]","Count_MortalityEvent_InfluenzaAndPneumonia_Male_White","[P1Y]","[]","[]","768"
"2019","[]","Count_MortalityEvent_SymptomsSignsAndAbnormalClinicalAndLaboratoryFindingsNotElsewhereClassified_Male_NativeHawaiianOrOtherPacificIslanderAlone","[P1Y]","[]","[]","1"
"2018","[]","Count_MortalityEvent_OtherDiseasesOfCirculatorySystem_Male_BlackOrAfricanAmericanAlone","[P1Y]","[]","[]","44"
"2018","[]","Count_MortalityEvent_IntentionalSelf-Harm_Suicide_ByDischargeOfFirearms_Female_White","[P1Y]","[]","[]","72"
"2018","[]","Count_MortalityEvent_OtherDiseasesOfArteriesArteriolesAndCapillaries_Female_White","[P1Y]","[]","[]","148"
"2018","[]","Count_MortalityEvent_HeartFailure_Female_White","[P1Y]","[]","[]","1245"
"2018","[]","Count_MortalityEvent_HeartFailure_Female_TwoOrMoreRaces","[P1Y]","[]","[]","1"
"2018","[]","Count_MortalityEvent_OtherHeartDiseases_Female_Asian","[P1Y]","[]","[]","63"
"2018","[]","Count_MortalityEvent_MalignantNeoplasmsOfLymphoidHematopoieticAndRelatedTissue_Female_BlackOrAfricanAmericanAlone","[P1Y]","[]","[]","99"
"2018","[]","Count_MortalityEvent_HypertensiveHeartAndRenalDisease_Female_BlackOrAfricanAmericanAlone","[P1Y]","[]","[]","38"
"2018","[]","Count_MortalityEvent_OtherChronicLowerRespiratoryDiseases_Female_White","[P1Y]","[]","[]","1881"
"2018","[]","Count_MortalityEvent_HyperplasiaOfProstate_Male_White","[P1Y]","[]","[]","4"
"2018","[]","Count_MortalityEvent_OtherDiseasesOfCirculatorySystem_Male_White","[P1Y]","[]","[]","347"
"2018","[]","Count_MortalityEvent_AllOtherDiseases_Residual__Female_BlackOrAfricanAmericanAlone","[P1Y]","[]","[]","552"
"2018","[]","Count_MortalityEvent_AcuteRheumaticFeverAndChronicRheumaticHeartDiseases_Female_BlackOrAfricanAmericanAlone","[P1Y]","[]","[]","1"
"2018","[]","Count_MortalityEvent_NontransportAccidents_Male_AmericanIndianOrAlaskaNative","[P1Y]","[]","[]","36"
"2019","[]","Count_MortalityEvent_ChronicLiverDiseaseAndCirrhosis_Female_TwoOrMoreRaces","[P1Y]","[]","[]","3"
"2018","[]","Count_MortalityEvent_MalignantNeoplasmsOfKidneyAndRenalPelvis_Female_White","[P1Y]","[]","[]","137"
"2018","[]","Count_MortalityEvent_MalignantNeoplasmsOfKidneyAndRenalPelvis_Male_Asian","[P1Y]","[]","[]","8"
"2018","[]","Count_MortalityEvent_MajorCardiovascularDiseases_Female_White","[P1Y]","[]","[]","2846"
"2018","[]","Count_MortalityEvent_AllOtherDiseases_Residual__Female_NativeHawaiianOrOtherPacificIslanderAlone","[P1Y]","[]","[]","7"
"2018","[]","Count_MortalityEvent_HeartFailure_Male_Asian","[P1Y]","[]","[]","25"
"2018","[]","Count_MortalityEvent_EventsOfUndeterminedIntent_Male_BlackOrAfricanAmericanAlone","[P1Y]","[]","[]","26"
"2018","[]","Count_MortalityEvent_MajorCardiovascularDiseases_Female_AmericanIndianOrAlaskaNative","[P1Y]","[]","[]","79"
"2018","[]","Count_MortalityEvent_EventsOfUndeterminedIntent_Female_BlackOrAfricanAmericanAlone","[P1Y]","[]","[]","9"
"2018","[]","Count_MortalityEvent_OtherAndUnspecifiedInfectiousAndParasiticDiseasesAndTheirSequelae_Male_White","[P1Y]","[]","[]","2437"
"2018","[]","Count_MortalityEvent_MajorCardiovascularDiseases_Male_NativeHawaiianOrOtherPacificIslanderAlone","[P1Y]","[]","[]","23"
"2020","[]","Count_MortalityEvent_OtherDiseasesOfRespiratorySystem_Male_TwoOrMoreRaces","[P1Y]","[]","[]","1"
"2018","[]","Count_MortalityEvent_MalignantNeoplasmsOfLymphoidHematopoieticAndRelatedTissue_Male_White","[P1Y]","[]","[]","941"
"2018","[]","Count_MortalityEvent_AccidentalExposureToSmokeFireAndFlames_Female_White","[P1Y]","[]","[]","4"
"2018","[]","Count_MortalityEvent_MotorVehicleAccidents_Male_BlackOrAfricanAmericanAlone","[P1Y]","[]","[]","202"
"2018","[]","Count_MortalityEvent_InfluenzaAndPneumonia_Male_BlackOrAfricanAmericanAlone","[P1Y]","[]","[]","94"
"2020","[]","Count_MortalityEvent_AllOtherAndUnspecifiedMalignantNeoplasms_Female_NativeHawaiianOrOtherPacificIslanderAlone","[P1Y]","[]","[]","1"
"2018","[]","Count_MortalityEvent_Accidents_UnintentionalInjuries__Female_BlackOrAfricanAmericanAlone","[P1Y]","[]","[]","258"
"2018","[]","Count_MortalityEvent_MajorCardiovascularDiseases_Male_AmericanIndianOrAlaskaNative","[P1Y]","[]","[]","99"
"2018","[]","Count_MortalityEvent_CerebrovascularDiseases_Male_BlackOrAfricanAmericanAlone","[P1Y]","[]","[]","314"
"2018","[]","Count_MortalityEvent_OtherComplicationsOfPregnancyChildbirthAndThePuerperium_Female_BlackOrAfricanAmericanAlone","[P1Y]","[]","[]","6"
"2018","[]","Count_MortalityEvent_DiabetesMellitus_Male_NativeHawaiianOrOtherPacificIslanderAlone","[P1Y]","[]","[]","3"
"2019","[]","Count_MortalityEvent_OtherAndUnspecifiedInfectiousAndParasiticDiseasesAndTheirSequelae_Male_Asian","[P1Y]","[]","[]","139"
"2018","[]","Count_MortalityEvent_HumanImmunodeficiencyVirus_Hiv_Disease_Female_BlackOrAfricanAmericanAlone","[P1Y]","[]","[]","27"
"2018","[]","Count_MortalityEvent_OtherAndUnspecifiedEventsOfUndeterminedIntentAndTheirSequelae_Female_BlackOrAfricanAmericanAlone","[P1Y]","[]","[]","8"
"2018","[]","Count_MortalityEvent_IntentionalSelf-Harm_Suicide_ByOtherAndUnspecifiedMeansAndTheirSequelae_Male_TwoOrMoreRaces","[P1Y]","[]","[]","4"
"2018","[]","Count_MortalityEvent_ComplicationsOfMedicalAndSurgicalCare_Female_BlackOrAfricanAmericanAlone","[P1Y]","[]","[]","6"
"2023","[]","Count_MortalityEvent_AccidentalExposureToSmokeFireAndFlames_Female_Asian","[P1Y]","[]","[]","1"
"2019","[]","Count_MortalityEvent_InfectionsOfKidney_Female_White","[P1Y]","[]","[]","5"
"2018","[]","Count_MortalityEvent_OtherChronicLowerRespiratoryDiseases_Female_BlackOrAfricanAmericanAlone","[P1Y]","[]","[]","160"
"2018","[]","Count_MortalityEvent_OtherChronicLiverDiseaseAndCirrhosis_Female_AmericanIndianOrAlaskaNative","[P1Y]","[]","[]","7"
"2018","[]","Count_MortalityEvent_Assault_Homicide_ByOtherAndUnspecifiedMeansAndTheirSequelae_Female_White","[P1Y]","[]","[]","14"
"2018","[]","Count_MortalityEvent_Septicemia_Female_TwoOrMoreRaces","[P1Y]","[]","[]","1"
"2018","[]","Count_MortalityEvent_PneumonitisDueToSolidsAndLiquids_Female_White","[P1Y]","[]","[]","256"
"2019","[]","Count_MortalityEvent_AllOtherFormsOfChronicIschemicHeartDisease_Female_AmericanIndianOrAlaskaNative","[P1Y]","[]","[]","6"
"2018","[]","Count_MortalityEvent_MalignantNeoplasms_Female_BlackOrAfricanAmericanAlone","[P1Y]","[]","[]","682"
"2018","[]","Count_MortalityEvent_Suicide_Male_AmericanIndianOrAlaskaNative","[P1Y]","[]","[]","12"
"2018","[]","Count_MortalityEvent_AcuteMyocardialInfarction_Male_NativeHawaiianOrOtherPacificIslanderAlone","[P1Y]","[]","[]","1"
"2018","[]","Count_MortalityEvent_ParkinsonsDisease_Female_Asian","[P1Y]","[]","[]","14"
"2018","[]","Count_MortalityEvent_Suicide_Male_Asian","[P1Y]","[]","[]","31"
"2018","[]","Count_MortalityEvent_MalignantNeoplasmsOfCorpusUteriAndUterusPartUnspecified_Female_BlackOrAfricanAmericanAlone","[P1Y]","[]","[]","91"
"2018","[]","Count_MortalityEvent_MajorCardiovascularDiseases_Male_Asian","[P1Y]","[]","[]","212"
"2018","[]","Count_MortalityEvent_HeartFailure_Male_White","[P1Y]","[]","[]","1157"
"2020","[]","Count_MortalityEvent_OtherDiseasesOfRespiratorySystem_Female_AmericanIndianOrAlaskaNative","[P1Y]","[]","[]","3"
"2020","[]","Count_MortalityEvent_COVID19_Male_AmericanIndianOrAlaskaNative","[P1Y]","[]","[]","63"
"2018","[]","Count_MortalityEvent_AccidentalPoisoningAndExposureToNoxiousSubstances_Female_TwoOrMoreRaces","[P1Y]","[]","[]","10"
"2018","[]","Count_MortalityEvent_ChronicLowerRespiratoryDiseases_Male_Asian","[P1Y]","[]","[]","33"
"2018","[]","Count_MortalityEvent_Non-HodgkinsLymphoma_Male_White","[P1Y]","[]","[]","383"
"2018","[]","Count_MortalityEvent_OtherDiseasesOfArteriesArteriolesAndCapillaries_Female_Asian","[P1Y]","[]","[]","2"
"2018","[]","Count_MortalityEvent_MalignantNeoplasms_Male_NativeHawaiianOrOtherPacificIslanderAlone","[P1Y]","[]","[]","12"
"2018","[]","Count_MortalityEvent_MalignantNeoplasmsOfLymphoidHematopoieticAndRelatedTissue_Female_TwoOrMoreRaces","[P1Y]","[]","[]","1"
"2018","[]","Count_MortalityEvent_OtherChronicLowerRespiratoryDiseases_Male_BlackOrAfricanAmericanAlone","[P1Y]","[]","[]","163"
"2018","[]","Count_MortalityEvent_Pneumonia_Male_White","[P1Y]","[]","[]","686"
"2021","[]","Count_MortalityEvent_NephritisNephroticSyndromeAndNephrosis_Male_NativeHawaiianOrOtherPacificIslanderAlone","[P1Y]","[]","[]","1"
"2018","[]","Count_MortalityEvent_MalignantNeoplasmsOfLymphoidHematopoieticAndRelatedTissue_Male_Asian","[P1Y]","[]","[]","28"
"2018","[]","Count_MortalityEvent_AllOtherFormsOfHeartDisease_Female_NativeHawaiianOrOtherPacificIslanderAlone","[P1Y]","[]","[]","1"
"2018","[]","Count_MortalityEvent_OtherAndUnspecifiedNontransportAccidentsAndTheirSequelae_Male_BlackOrAfricanAmericanAlone","[P1Y]","[]","[]","54"
"2022","[]","Count_MortalityEvent_IntentionalSelf-Harm_Suicide_ByOtherAndUnspecifiedMeansAndTheirSequelae_Female_TwoOrMoreRaces","[P1Y]","[]","[]","1"
"2018","[]","Count_MortalityEvent_Leukemia_Male_White","[P1Y]","[]","[]","436"
"2018","[]","Count_MortalityEvent_ChronicLowerRespiratoryDiseases_Female_AmericanIndianOrAlaskaNative","[P1Y]","[]","[]","5"
"2018","[]","Count_MortalityEvent_Falls_Male_Asian","[P1Y]","[]","[]","22"
"2020","[]","Count_MortalityEvent_COVID19_Male_NativeHawaiianOrOtherPacificIslanderAlone","[P1Y]","[]","[]","17"
"2018","[]","Count_MortalityEvent_IschemicHeartDiseases_Female_TwoOrMoreRaces","[P1Y]","[]","[]","16"
"2018","[]","Count_MortalityEvent_CertainConditionsOriginatingInThePerinatalPeriod_Male_BlackOrAfricanAmericanAlone","[P1Y]","[]","[]","68"
"2018","[]","Count_MortalityEvent_Leukemia_Male_Asian","[P1Y]","[]","[]","12"
"2018","[]","Count_MortalityEvent_ChronicLowerRespiratoryDiseases_Male_White","[P1Y]","[]","[]","1933"
"2019","[]","Count_MortalityEvent_AllOtherFormsOfHeartDisease_Female_AmericanIndianOrAlaskaNative","[P1Y]","[]","[]","4"
"2018","[]","Count_MortalityEvent_MalignantNeoplasms_Female_Asian","[P1Y]","[]","[]","188"
"2018","[]","Count_MortalityEvent_IntentionalSelf-Harm_Suicide_ByOtherAndUnspecifiedMeansAndTheirSequelae_Female_White","[P1Y]","[]","[]","207"
"2018","[]","Count_MortalityEvent_TransportAccidents_Female_BlackOrAfricanAmericanAlone","[P1Y]","[]","[]","72"
"2018","[]","Count_MortalityEvent_AllOtherAndUnspecifiedMalignantNeoplasms_Male_BlackOrAfricanAmericanAlone","[P1Y]","[]","[]","147"
"2018","[]","Count_MortalityEvent_Malnutrition_Male_BlackOrAfricanAmericanAlone","[P1Y]","[]","[]","18"
"2018","[]","Count_MortalityEvent_Assault_Homicide_ByDischargeOfFirearms_Female_BlackOrAfricanAmericanAlone","[P1Y]","[]","[]","45"
"2018","[]","Count_MortalityEvent_SymptomsSignsAndAbnormalClinicalAndLaboratoryFindingsNotElsewhereClassified_Female_TwoOrMoreRaces","[P1Y]","[]","[]","1"
"2018","[]","Count_MortalityEvent_Essential_Primary_HypertensionAndHypertensiveRenalDisease_Female_BlackOrAfricanAmericanAlone","[P1Y]","[]","[]","133"
"2018","[]","Count_MortalityEvent_CerebrovascularDiseases_Female_TwoOrMoreRaces","[P1Y]","[]","[]","12"
"2018","[]","Count_MortalityEvent_Essential_Primary_HypertensionAndHypertensiveRenalDisease_Male_TwoOrMoreRaces","[P1Y]","[]","[]","2"
"2018","[]","Count_MortalityEvent_MajorCardiovascularDiseases_Male_BlackOrAfricanAmericanAlone","[P1Y]","[]","[]","961"
"2018","[]","Count_MortalityEvent_AorticAneurysmAndDissection_Male_BlackOrAfricanAmericanAlone","[P1Y]","[]","[]","19"
"2018","[]","Count_MortalityEvent_OtherFormsOfChronicIschemicHeartDisease_Female_BlackOrAfricanAmericanAlone","[P1Y]","[]","[]","299"
"2018","[]","Count_MortalityEvent_Malnutrition_Female_White","[P1Y]","[]","[]","431"
"2018","[]","Count_MortalityEvent_HypertensiveHeartDisease_Female_BlackOrAfricanAmericanAlone","[P1Y]","[]","[]","156"
"2021","[]","Count_MortalityEvent_HumanImmunodeficiencyVirus_Hiv_Disease_Male_Asian","[P1Y]","[]","[]","1"
"2020","[]","Count_MortalityEvent_COVID19_Male_White","[P1Y]","[]","[]","2419"
"2018","[]","Count_MortalityEvent_InSituNeoplasmsBenignNeoplasmsAndNeoplasmsOfUncertainOrUnknownBehavior_Female_White","[P1Y]","[]","[]","239"
"2018","[]","Count_MortalityEvent_NutritionalDeficiencies_Male_White","[P1Y]","[]","[]","251"
"2018","[]","Count_MortalityEvent_Pneumonia_Male_Asian","[P1Y]","[]","[]","26"
"2018","[]","Count_MortalityEvent_MalignantNeoplasmsOfTracheaBronchusAndLung_Female_Asian","[P1Y]","[]","[]","42"
"2023","[]","Count_MortalityEvent_ChronicLowerRespiratoryDiseases_Female_NativeHawaiianOrOtherPacificIslanderAlone","[P1Y]","[]","[]","1"
"2018","[]","Count_MortalityEvent_HumanImmunodeficiencyVirus_Hiv_Disease_Male_White","[P1Y]","[]","[]","51"
"2018","[]","Count_MortalityEvent_MalignantNeoplasmsOfColonRectumAndAnus_Male_Asian","[P1Y]","[]","[]","34"
"2018","[]","Count_MortalityEvent_SymptomsSignsAndAbnormalClinicalAndLaboratoryFindingsNotElsewhereClassified_Male_White","[P1Y]","[]","[]","497"
"2018","[]","Count_MortalityEvent_InfluenzaAndPneumonia_Female_White","[P1Y]","[]","[]","773"
"2018","[]","Count_MortalityEvent_Suicide_Male_White","[P1Y]","[]","[]","1123"
"2018","[]","Count_MortalityEvent_IntentionalSelf-Harm_Suicide_ByOtherAndUnspecifiedMeansAndTheirSequelae_Male_BlackOrAfricanAmericanAlone","[P1Y]","[]","[]","40"
"2018","[]","Count_MortalityEvent_MalignantNeoplasms_Female_NativeHawaiianOrOtherPacificIslanderAlone","[P1Y]","[]","[]","15"
"2019","[]","Count_MortalityEvent_OtherNutritionalDeficiencies_Female_White","[P1Y]","[]","[]","2"
"2018","[]","Count_MortalityEvent_MalignantNeoplasmOfBladder_Male_BlackOrAfricanAmericanAlone","[P1Y]","[]","[]","24"
"2018","[]","Count_MortalityEvent_RenalFailure_Male_TwoOrMoreRaces","[P1Y]","[]","[]","1"
"2018","[]","Count_MortalityEvent_Non-HodgkinsLymphoma_Male_Asian","[P1Y]","[]","[]","12"
"2018","[]","Count_MortalityEvent_AllOtherFormsOfHeartDisease_Female_Asian","[P1Y]","[]","[]","39"
"2018","[]","Count_MortalityEvent_MalignantNeoplasmOfBreast_Female_Asian","[P1Y]","[]","[]","38"
"2018","[]","Count_MortalityEvent_OtherDiseasesOfCirculatorySystem_Female_BlackOrAfricanAmericanAlone","[P1Y]","[]","[]","40"
"2019","[]","Count_MortalityEvent_MalignantNeoplasmsOfLiverAndIntrahepaticBileDucts_Male_NativeHawaiianOrOtherPacificIslanderAlone","[P1Y]","[]","[]","1"
"2019","[]","Count_MortalityEvent_Emphysema_Male_Asian","[P1Y]","[]","[]","3"
"2018","[]","Count_MortalityEvent_OtherChronicLowerRespiratoryDiseases_Female_TwoOrMoreRaces","[P1Y]","[]","[]","5"
"2018","[]","Count_MortalityEvent_DiseasesOfHeart_Female_BlackOrAfricanAmericanAlone","[P1Y]","[]","[]","776"
"2018","[]","Count_MortalityEvent_ComplicationsOfMedicalAndSurgicalCare_Male_White","[P1Y]","[]","[]","45"
"2018","[]","Count_MortalityEvent_AllOtherAndUnspecifiedMalignantNeoplasms_Male_NativeHawaiianOrOtherPacificIslanderAlone","[P1Y]","[]","[]","1"
"2018","[]","Count_MortalityEvent_MalignantNeoplasmsOfCorpusUteriAndUterusPartUnspecified_Female_White","[P1Y]","[]","[]","323"
"2018","[]","Count_MortalityEvent_EnterocolitisDueToClostridiumDifficile_Male_BlackOrAfricanAmericanAlone","[P1Y]","[]","[]","1"
"2018","[]","Count_MortalityEvent_Accidents_UnintentionalInjuries__Female_White","[P1Y]","[]","[]","1542"
"2018","[]","Count_MortalityEvent_Assault_Homicide__Female_White","[P1Y]","[]","[]","64"
"2018","[]","Count_MortalityEvent_OtherFormsOfChronicIschemicHeartDisease_Male_BlackOrAfricanAmericanAlone","[P1Y]","[]","[]","384"
"2018","[]","Count_MortalityEvent_OtherChronicLowerRespiratoryDiseases_Male_Asian","[P1Y]","[]","[]","28"
"2019","[]","Count_MortalityEvent_Falls_Female_TwoOrMoreRaces","[P1Y]","[]","[]","1"
"2022","[]","Count_MortalityEvent_SymptomsSignsAndAbnormalClinicalAndLaboratoryFindingsNotElsewhereClassified_Female_NativeHawaiianOrOtherPacificIslanderAlone","[P1Y]","[]","[]","1"
"2018","[]","Count_MortalityEvent_Influenza_Male_BlackOrAfricanAmericanAlone","[P1Y]","[]","[]","4"
"2018","[]","Count_MortalityEvent_InfluenzaAndPneumonia_Male_TwoOrMoreRaces","[P1Y]","[]","[]","1"
"2018","[]","Count_MortalityEvent_OtherAndUnspecifiedEventsOfUndeterminedIntentAndTheirSequelae_Male_BlackOrAfricanAmericanAlone","[P1Y]","[]","[]","23"
"2018","[]","Count_MortalityEvent_AcuteMyocardialInfarction_Male_AmericanIndianOrAlaskaNative","[P1Y]","[]","[]","3"
"2018","[]","Count_MortalityEvent_AcuteMyocardialInfarction_Male_TwoOrMoreRaces","[P1Y]","[]","[]","5"
"2018","[]","Count_MortalityEvent_MalignantMelanomaOfSkin_Male_White","[P1Y]","[]","[]","191"
"2018","[]","Count_MortalityEvent_Assault_Homicide_ByDischargeOfFirearms_Male_Asian","[P1Y]","[]","[]","1"
"2018","[]","Count_MortalityEvent_ViralHepatitis_Male_White","[P1Y]","[]","[]","49"
"2018","[]","Count_MortalityEvent_AlzheimersDisease_Female_AmericanIndianOrAlaskaNative","[P1Y]","[]","[]","3"
"2018","[]","Count_MortalityEvent_Anemias_Male_White","[P1Y]","[]","[]","37"
"2018","[]","Count_MortalityEvent_MalignantNeoplasmOfBladder_Female_White","[P1Y]","[]","[]","152"
"2018","[]","Count_MortalityEvent_ChronicLiverDiseaseAndCirrhosis_Female_AmericanIndianOrAlaskaNative","[P1Y]","[]","[]","22"
"2018","[]","Count_MortalityEvent_OtherChronicLowerRespiratoryDiseases_Male_TwoOrMoreRaces","[P1Y]","[]","[]","2"
"2022","[]","Count_MortalityEvent_InfluenzaAndPneumonia_Female_NativeHawaiianOrOtherPacificIslanderAlone","[P1Y]","[]","[]","1"
"2018","[]","Count_MortalityEvent_Atherosclerosis_Female_Asian","[P1Y]","[]","[]","4"
"2018","[]","Count_MortalityEvent_InSituNeoplasmsBenignNeoplasmsAndNeoplasmsOfUncertainOrUnknownBehavior_Male_BlackOrAfricanAmericanAlone","[P1Y]","[]","[]","14"
"2018","[]","Count_MortalityEvent_MalignantNeoplasmOfBladder_Female_BlackOrAfricanAmericanAlone","[P1Y]","[]","[]","13"
"2018","[]","Count_MortalityEvent_AllOtherAndUnspecifiedMalignantNeoplasms_Male_TwoOrMoreRaces","[P1Y]","[]","[]","3"
"2020","[]","Count_MortalityEvent_HypertensiveHeartDisease_Female_NativeHawaiianOrOtherPacificIslanderAlone","[P1Y]","[]","[]","1"
"2018","[]","Count_MortalityEvent_MotorVehicleAccidents_Female_White","[P1Y]","[]","[]","324"
"2018","[]","Count_MortalityEvent_MalignantNeoplasmsOfLiverAndIntrahepaticBileDucts_Male_TwoOrMoreRaces","[P1Y]","[]","[]","2"
"2018","[]","Count_MortalityEvent_OtherDiseasesOfArteriesArteriolesAndCapillaries_Male_BlackOrAfricanAmericanAlone","[P1Y]","[]","[]","16"
"2018","[]","Count_MortalityEvent_MalignantNeoplasms_Female_White","[P1Y]","[]","[]","2672"
"2018","[]","Count_MortalityEvent_AccidentalPoisoningAndExposureToNoxiousSubstances_Male_NativeHawaiianOrOtherPacificIslanderAlone","[P1Y]","[]","[]","2"
"2018","[]","Count_MortalityEvent_MalignantNeoplasmOfBreast_Female_White","[P1Y]","[]","[]","1034"
"2018","[]","Count_MortalityEvent_DiabetesMellitus_Male_BlackOrAfricanAmericanAlone","[P1Y]","[]","[]","300"
"2018","[]","Count_MortalityEvent_AlcoholicLiverDisease_Male_White","[P1Y]","[]","[]","580"
"2018","[]","Count_MortalityEvent_DiabetesMellitus_Female_TwoOrMoreRaces","[P1Y]","[]","[]","6"
"2018","[]","Count_MortalityEvent_RenalFailure_Male_Asian","[P1Y]","[]","[]","32"
"2019","[]","Count_MortalityEvent_IntentionalSelf-Harm_Suicide_ByOtherAndUnspecifiedMeansAndTheirSequelae_Male_NativeHawaiianOrOtherPacificIslanderAlone","[P1Y]","[]","[]","1"
"2018","[]","Count_MortalityEvent_AlcoholicLiverDisease_Female_BlackOrAfricanAmericanAlone","[P1Y]","[]","[]","25"
"2018","[]","Count_MortalityEvent_OtherHeartDiseases_Male_TwoOrMoreRaces","[P1Y]","[]","[]","13"
"2018","[]","Count_MortalityEvent_PepticUlcer_Male_Asian","[P1Y]","[]","[]","1"
"2018","[]","Count_MortalityEvent_OtherHeartDiseases_Female_White","[P1Y]","[]","[]","2161"
"2018","[]","Count_MortalityEvent_Falls_Male_White","[P1Y]","[]","[]","672"
"2018","[]","Count_MortalityEvent_MultipleMyelomaAndImmunoproliferativeNeoplasms_Female_Asian","[P1Y]","[]","[]","4"
"2018","[]","Count_MortalityEvent_Accidents_UnintentionalInjuries__Female_TwoOrMoreRaces","[P1Y]","[]","[]","21"
"2018","[]","Count_MortalityEvent_AccidentalPoisoningAndExposureToNoxiousSubstances_Female_AmericanIndianOrAlaskaNative","[P1Y]","[]","[]","17"
"2018","[]","Count_MortalityEvent_Septicemia_Male_Asian","[P1Y]","[]","[]","19"
"2018","[]","Count_MortalityEvent_Influenza_Male_Asian","[P1Y]","[]","[]","1"
"2018","[]","Count_MortalityEvent_OtherAndUnspecifiedEventsOfUndeterminedIntentAndTheirSequelae_Male_White","[P1Y]","[]","[]","77"
"2018","[]","Count_MortalityEvent_MalignantNeoplasmsOfKidneyAndRenalPelvis_Male_White","[P1Y]","[]","[]","314"
"2018","[]","Count_MortalityEvent_Falls_Male_BlackOrAfricanAmericanAlone","[P1Y]","[]","[]","44"
"2018","[]","Count_MortalityEvent_OtherDiseasesOfCirculatorySystem_Female_Asian","[P1Y]","[]","[]","7"
"2018","[]","Count_MortalityEvent_MalignantNeoplasmsOfTracheaBronchusAndLung_Female_White","[P1Y]","[]","[]","1620"
"2018","[]","Count_MortalityEvent_RenalFailure_Female_AmericanIndianOrAlaskaNative","[P1Y]","[]","[]","2"
"2018","[]","Count_MortalityEvent_HeartFailure_Female_Asian","[P1Y]","[]","[]","27"
"2018","[]","Count_MortalityEvent_Falls_Male_TwoOrMoreRaces","[P1Y]","[]","[]","1"
"2018","[]","Count_MortalityEvent_Pneumonia_Female_Asian","[P1Y]","[]","[]","23"
"2018","[]","Count_MortalityEvent_Assault_Homicide__Male_Asian","[P1Y]","[]","[]","2"
"2021","[]","Count_MortalityEvent_MalignantNeoplasmOfProstate_Male_NativeHawaiianOrOtherPacificIslanderAlone","[P1Y]","[]","[]","1"
"2018","[]","Count_MortalityEvent_SymptomsSignsAndAbnormalClinicalAndLaboratoryFindingsNotElsewhereClassified_Female_White","[P1Y]","[]","[]","506"
"2018","[]","Count_MortalityEvent_MalignantNeoplasmOfOvary_Female_Asian","[P1Y]","[]","[]","16"
"2018","[]","Count_MortalityEvent_InfluenzaAndPneumonia_Male_NativeHawaiianOrOtherPacificIslanderAlone","[P1Y]","[]","[]","1"
"2018","[]","Count_MortalityEvent_MalignantNeoplasmsOfMeningesBrainAndOtherPartsOfCentralNervousSystem_Female_Asian","[P1Y]","[]","[]","3"
"2018","[]","Count_MortalityEvent_CertainConditionsOriginatingInThePerinatalPeriod_Female_BlackOrAfricanAmericanAlone","[P1Y]","[]","[]","51"
"2018","[]","Count_MortalityEvent_Essential_Primary_HypertensionAndHypertensiveRenalDisease_Female_Asian","[P1Y]","[]","[]","27"
"2018","[]","Count_MortalityEvent_AorticAneurysmAndDissection_Male_Asian","[P1Y]","[]","[]","4"
"2018","[]","Count_MortalityEvent_NephritisNephroticSyndromeAndNephrosis_Female_White","[P1Y]","[]","[]","759"
"2019","[]","Count_MortalityEvent_MalignantNeoplasmOfPancreas_Female_TwoOrMoreRaces","[P1Y]","[]","[]","1"
"2018","[]","Count_MortalityEvent_Emphysema_Female_White","[P1Y]","[]","[]","97"
"2020","[]","Count_MortalityEvent_OtherAndUnspecifiedInfectiousAndParasiticDiseasesAndTheirSequelae_Male_AmericanIndianOrAlaskaNative","[P1Y]","[]","[]","66"
"2018","[]","Count_MortalityEvent_CerebrovascularDiseases_Female_NativeHawaiianOrOtherPacificIslanderAlone","[P1Y]","[]","[]","1"
"2018","[]","Count_MortalityEvent_MalignantNeoplasmsOfColonRectumAndAnus_Female_TwoOrMoreRaces","[P1Y]","[]","[]","1"
"2018","[]","Count_MortalityEvent_CholelithiasisAndOtherDisordersOfGallbladder_Male_White","[P1Y]","[]","[]","33"
"2018","[]","Count_MortalityEvent_AllOtherFormsOfChronicIschemicHeartDisease_Male_NativeHawaiianOrOtherPacificIslanderAlone","[P1Y]","[]","[]","5"
"2018","[]","Count_MortalityEvent_Tuberculosis_Male_White","[P1Y]","[]","[]","1"
"2020","[]","Count_MortalityEvent_COVID19_Male_Asian","[P1Y]","[]","[]","135"
"2018","[]","Count_MortalityEvent_AtheroscleroticCardiovascularDiseaseSoDescribed_Male_AmericanIndianOrAlaskaNative","[P1Y]","[]","[]","8"
"2018","[]","Count_MortalityEvent_OtherAndUnspecifiedNontransportAccidentsAndTheirSequelae_Female_White","[P1Y]","[]","[]","243"
"2018","[]","Count_MortalityEvent_MotorVehicleAccidents_Male_TwoOrMoreRaces","[P1Y]","[]","[]","7"
"2018","[]","Count_MortalityEvent_InfluenzaAndPneumonia_Female_BlackOrAfricanAmericanAlone","[P1Y]","[]","[]","88"
"2023","[]","Count_MortalityEvent_Meningitis_Female_White","[P1Y]","[]","[]","1"
"2018","[]","Count_MortalityEvent_MotorVehicleAccidents_Male_Asian","[P1Y]","[]","[]","18"
"2019","[]","Count_MortalityEvent_OtherChronicLiverDiseaseAndCirrhosis_Male_AmericanIndianOrAlaskaNative","[P1Y]","[]","[]","6"
"2018","[]","Count_MortalityEvent_AtheroscleroticCardiovascularDiseaseSoDescribed_Male_Asian","[P1Y]","[]","[]","34"
"2018","[]","Count_MortalityEvent_HeartFailure_Male_BlackOrAfricanAmericanAlone","[P1Y]","[]","[]","170"
"2018","[]","Count_MortalityEvent_HumanImmunodeficiencyVirus_Hiv_Disease_Female_White","[P1Y]","[]","[]","4"
"2018","[]","Count_MortalityEvent_SymptomsSignsAndAbnormalClinicalAndLaboratoryFindingsNotElsewhereClassified_Male_BlackOrAfricanAmericanAlone","[P1Y]","[]","[]","98"
"2018","[]","Count_MortalityEvent_Falls_Female_White","[P1Y]","[]","[]","648"
"2020","[]","Count_MortalityEvent_NontransportAccidents_Female_NativeHawaiianOrOtherPacificIslanderAlone","[P1Y]","[]","[]","1"
"2018","[]","Count_MortalityEvent_Accidents_UnintentionalInjuries__Male_NativeHawaiianOrOtherPacificIslanderAlone","[P1Y]","[]","[]","8"
"2020","[]","Count_MortalityEvent_NephritisNephroticSyndromeAndNephrosis_Male_AmericanIndianOrAlaskaNative","[P1Y]","[]","[]","2"
"2018","[]","Count_MortalityEvent_Non-HodgkinsLymphoma_Female_BlackOrAfricanAmericanAlone","[P1Y]","[]","[]","18"
"2018","[]","Count_MortalityEvent_DiseasesOfHeart_Female_AmericanIndianOrAlaskaNative","[P1Y]","[]","[]","58"
"2018","[]","Count_MortalityEvent_MalignantNeoplasmsOfTracheaBronchusAndLung_Male_AmericanIndianOrAlaskaNative","[P1Y]","[]","[]","1"
"2018","[]","Count_MortalityEvent_RenalFailure_Female_BlackOrAfricanAmericanAlone","[P1Y]","[]","[]","174"
"2018","[]","Count_MortalityEvent_TransportAccidents_Male_AmericanIndianOrAlaskaNative","[P1Y]","[]","[]","14"
"2022","[]","Count_MortalityEvent_PepticUlcer_Female_Asian","[P1Y]","[]","[]","1"
"2018","[]","Count_MortalityEvent_NontransportAccidents_Female_White","[P1Y]","[]","[]","1331"
"2018","[]","Count_MortalityEvent_MalignantNeoplasmOfStomach_Female_Asian","[P1Y]","[]","[]","11"
"2018","[]","Count_MortalityEvent_AcuteMyocardialInfarction_Male_White","[P1Y]","[]","[]","1794"
"2020","[]","Count_MortalityEvent_MalignantNeoplasmsOfKidneyAndRenalPelvis_Male_TwoOrMoreRaces","[P1Y]","[]","[]","1"
"2018","[]","Count_MortalityEvent_RenalFailure_Female_Asian","[P1Y]","[]","[]","28"
"2018","[]","Count_MortalityEvent_Essential_Primary_HypertensionAndHypertensiveRenalDisease_Male_BlackOrAfricanAmericanAlone","[P1Y]","[]","[]","128"
"2018","[]","Count_MortalityEvent_ParkinsonsDisease_Female_BlackOrAfricanAmericanAlone","[P1Y]","[]","[]","25"
"2018","[]","Count_MortalityEvent_AcuteMyocardialInfarction_Female_White","[P1Y]","[]","[]","1344"
"2018","[]","Count_MortalityEvent_DiabetesMellitus_Female_BlackOrAfricanAmericanAlone","[P1Y]","[]","[]","283"
"2018","[]","Count_MortalityEvent_NontransportAccidents_Female_Asian","[P1Y]","[]","[]","30"
"2018","[]","Count_MortalityEvent_AllOtherFormsOfHeartDisease_Male_BlackOrAfricanAmericanAlone","[P1Y]","[]","[]","319"
"2018","[]","Count_MortalityEvent_NephritisNephroticSyndromeAndNephrosis_Male_Asian","[P1Y]","[]","[]","32"
"2019","[]","Count_MortalityEvent_InfluenzaAndPneumonia_Female_AmericanIndianOrAlaskaNative","[P1Y]","[]","[]","1"
"2019","[]","Count_MortalityEvent_MalignantNeoplasmsOfTracheaBronchusAndLung_Male_NativeHawaiianOrOtherPacificIslanderAlone","[P1Y]","[]","[]","1"
"2018","[]","Count_MortalityEvent_Anemias_Male_BlackOrAfricanAmericanAlone","[P1Y]","[]","[]","10"
"2018","[]","Count_MortalityEvent_AllOtherDiseases_Residual__Male_AmericanIndianOrAlaskaNative","[P1Y]","[]","[]","36"
"2020","[]","Count_MortalityEvent_BronchitisChronicAndUnspecified_Female_White","[P1Y]","[]","[]","1"
"2018","[]","Count_MortalityEvent_OtherDiseasesOfRespiratorySystem_Male_BlackOrAfricanAmericanAlone","[P1Y]","[]","[]","78"
"2018","[]","Count_MortalityEvent_Asthma_Male_White","[P1Y]","[]","[]","13"
"2018","[]","Count_MortalityEvent_AcuteMyocardialInfarction_Female_Asian","[P1Y]","[]","[]","30"
"2020","[]","Count_MortalityEvent_Falls_Male_AmericanIndianOrAlaskaNative","[P1Y]","[]","[]","2"
"2018","[]","Count_MortalityEvent_Pneumonia_Female_BlackOrAfricanAmericanAlone","[P1Y]","[]","[]","75"
"2018","[]","Count_MortalityEvent_ComplicationsOfMedicalAndSurgicalCare_Female_White","[P1Y]","[]","[]","31"
"2018","[]","Count_MortalityEvent_TransportAccidents_Male_TwoOrMoreRaces","[P1Y]","[]","[]","8"
"2018","[]","Count_MortalityEvent_MalignantNeoplasmsOfTracheaBronchusAndLung_Male_TwoOrMoreRaces","[P1Y]","[]","[]","5"
"2018","[]","Count_MortalityEvent_DiseasesOfHeart_Female_NativeHawaiianOrOtherPacificIslanderAlone","[P1Y]","[]","[]","13"
"2018","[]","Count_MortalityEvent_CerebrovascularDiseases_Male_AmericanIndianOrAlaskaNative","[P1Y]","[]","[]","5"
"2018","[]","Count_MortalityEvent_Leukemia_Female_White","[P1Y]","[]","[]","301"
"2018","[]","Count_MortalityEvent_OtherAndUnspecifiedNontransportAccidentsAndTheirSequelae_Female_BlackOrAfricanAmericanAlone","[P1Y]","[]","[]","25"
"2023","[]","Count_MortalityEvent_MalignantNeoplasmsOfLymphoidHematopoieticAndRelatedTissue_Female_NativeHawaiianOrOtherPacificIslanderAlone","[P1Y]","[]","[]","1"
"2018","[]","Count_MortalityEvent_AllOtherAndUnspecifiedMalignantNeoplasms_Female_Asian","[P1Y]","[]","[]","33"
"2018","[]","Count_MortalityEvent_Malnutrition_Male_White","[P1Y]","[]","[]","245"
"2018","[]","Count_MortalityEvent_MotorVehicleAccidents_Male_White","[P1Y]","[]","[]","939"
"2018","[]","Count_MortalityEvent_MalignantNeoplasmOfPancreas_Female_BlackOrAfricanAmericanAlone","[P1Y]","[]","[]","112"
"2018","[]","Count_MortalityEvent_AccidentalDrowningAndSubmersion_Male_White","[P1Y]","[]","[]","51"
"2022","[]","Count_MortalityEvent_WaterAirAndSpaceAndOtherAndUnspecifiedTransportAccidentsAndTheirSequelae_Male_BlackOrAfricanAmericanAlone","[P1Y]","[]","[]","1"
"2021","[]","Count_MortalityEvent_Essential_Primary_HypertensionAndHypertensiveRenalDisease_Female_TwoOrMoreRaces","[P1Y]","[]","[]","2"
"2018","[]","Count_MortalityEvent_AorticAneurysmAndDissection_Male_White","[P1Y]","[]","[]","170"
"2018","[]","Count_MortalityEvent_AccidentalPoisoningAndExposureToNoxiousSubstances_Male_BlackOrAfricanAmericanAlone","[P1Y]","[]","[]","311"
"2020","[]","Count_MortalityEvent_COVID19_Female_Asian","[P1Y]","[]","[]","99"
"2018","[]","Count_MortalityEvent_EnterocolitisDueToClostridiumDifficile_Male_White","[P1Y]","[]","[]","36"
"2018","[]","Count_MortalityEvent_HypertensiveHeartDisease_Female_TwoOrMoreRaces","[P1Y]","[]","[]","2"
"2018","[]","Count_MortalityEvent_OtherDiseasesOfArteriesArteriolesAndCapillaries_Male_White","[P1Y]","[]","[]","139"
"2018","[]","Count_MortalityEvent_ChronicLiverDiseaseAndCirrhosis_Female_BlackOrAfricanAmericanAlone","[P1Y]","[]","[]","58"
"2018","[]","Count_MortalityEvent_NontransportAccidents_Male_BlackOrAfricanAmericanAlone","[P1Y]","[]","[]","372"
"2020","[]","Count_MortalityEvent_Suicide_Female_TwoOrMoreRaces","[P1Y]","[]","[]","1"
"2018","[]","Count_MortalityEvent_CertainOtherIntestinalInfections_Female_White","[P1Y]","[]","[]","112"
"2018","[]","Count_MortalityEvent_CerebrovascularDiseases_Male_Asian","[P1Y]","[]","[]","78"
"2019","[]","Count_MortalityEvent_OtherDiseasesOfRespiratorySystem_Male_AmericanIndianOrAlaskaNative","[P1Y]","[]","[]","3"
"2018","[]","Count_MortalityEvent_HypertensiveHeartDisease_Male_Asian","[P1Y]","[]","[]","21"
"2021","[]","Count_MortalityEvent_ViralHepatitis_Female_BlackOrAfricanAmericanAlone","[P1Y]","[]","[]","1"
"2019","[]","Count_MortalityEvent_AcuteAndSubacuteEndocarditis_Female_White","[P1Y]","[]","[]","1"
"2018","[]","Count_MortalityEvent_AccidentalPoisoningAndExposureToNoxiousSubstances_Female_White","[P1Y]","[]","[]","690"
"2021","[]","Count_MortalityEvent_MalignantNeoplasmsOfCorpusUteriAndUterusPartUnspecified_Female_TwoOrMoreRaces","[P1Y]","[]","[]","1"
"2018","[]","Count_MortalityEvent_DiseasesOfHeart_Female_White","[P1Y]","[]","[]","2719"
"2018","[]","Count_MortalityEvent_DiseasesOfHeart_Female_Asian","[P1Y]","[]","[]","151"
"2018","[]","Count_MortalityEvent_OtherAndUnspecifiedInfectiousAndParasiticDiseasesAndTheirSequelae_Female_BlackOrAfricanAmericanAlone","[P1Y]","[]","[]","585"
"2018","[]","Count_MortalityEvent_MalignantNeoplasmsOfLipOralCavityAndPharynx_Male_BlackOrAfricanAmericanAlone","[P1Y]","[]","[]","19"
"2018","[]","Count_MortalityEvent_OtherHeartDiseases_Male_BlackOrAfricanAmericanAlone","[P1Y]","[]","[]","447"
"2018","[]","Count_MortalityEvent_MalignantNeoplasmOfBreast_Female_BlackOrAfricanAmericanAlone","[P1Y]","[]","[]","191"
"2018","[]","Count_MortalityEvent_AllOtherFormsOfChronicIschemicHeartDisease_Female_White","[P1Y]","[]","[]","1575"
"2018","[]","Count_MortalityEvent_OtherDisordersOfCirculatorySystem_Female_White","[P1Y]","[]","[]","37"
"2018","[]","Count_MortalityEvent_IschemicHeartDiseases_Male_NativeHawaiianOrOtherPacificIslanderAlone","[P1Y]","[]","[]","15"
"2018","[]","Count_MortalityEvent_HypertensiveHeartDisease_Female_AmericanIndianOrAlaskaNative","[P1Y]","[]","[]","3"
"2018","[]","Count_MortalityEvent_EnterocolitisDueToClostridiumDifficile_Female_White","[P1Y]","[]","[]","65"
"2021","[]","Count_MortalityEvent_MalignantNeoplasmsOfCorpusUteriAndUterusPartUnspecified_Female_NativeHawaiianOrOtherPacificIslanderAlone","[P1Y]","[]","[]","1"
"2018","[]","Count_MortalityEvent_Septicemia_Female_BlackOrAfricanAmericanAlone","[P1Y]","[]","[]","124"
"2018","[]","Count_MortalityEvent_Influenza_Female_White","[P1Y]","[]","[]","118"
"2018","[]","Count_MortalityEvent_AcuteMyocardialInfarction_Female_AmericanIndianOrAlaskaNative","[P1Y]","[]","[]","2"
"2020","[]","Count_MortalityEvent_NutritionalDeficiencies_Female_Asian","[P1Y]","[]","[]","6"
"2018","[]","Count_MortalityEvent_OtherAndUnspecifiedEventsOfUndeterminedIntentAndTheirSequelae_Female_White","[P1Y]","[]","[]","39"
"2018","[]","Count_MortalityEvent_DiabetesMellitus_Male_TwoOrMoreRaces","[P1Y]","[]","[]","6"
"2018","[]","Count_MortalityEvent_Suicide_Male_BlackOrAfricanAmericanAlone","[P1Y]","[]","[]","106"
"2018","[]","Count_MortalityEvent_Asthma_Female_BlackOrAfricanAmericanAlone","[P1Y]","[]","[]","15"
"2018","[]","Count_MortalityEvent_AccidentalDrowningAndSubmersion_Female_White","[P1Y]","[]","[]","13"
"2018","[]","Count_MortalityEvent_AlzheimersDisease_Male_Asian","[P1Y]","[]","[]","25"
"2018","[]","Count_MortalityEvent_MalignantNeoplasmOfStomach_Male_Asian","[P1Y]","[]","[]","18"
"2018","[]","Count_MortalityEvent_OtherAndUnspecifiedNontransportAccidentsAndTheirSequelae_Male_Asian","[P1Y]","[]","[]","5"
"2018","[]","Count_MortalityEvent_NontransportAccidents_Female_AmericanIndianOrAlaskaNative","[P1Y]","[]","[]","20"
"2018","[]","Count_MortalityEvent_EventsOfUndeterminedIntent_Male_White","[P1Y]","[]","[]","82"
"2018","[]","Count_MortalityEvent_Septicemia_Male_White","[P1Y]","[]","[]","602"
"2018","[]","Count_MortalityEvent_MalignantNeoplasmsOfLipOralCavityAndPharynx_Female_Asian","[P1Y]","[]","[]","2"
"2018","[]","Count_MortalityEvent_CerebrovascularDiseases_Male_TwoOrMoreRaces","[P1Y]","[]","[]","6"
"2018","[]","Count_MortalityEvent_Septicemia_Female_Asian","[P1Y]","[]","[]","14"
"2018","[]","Count_MortalityEvent_PepticUlcer_Male_White","[P1Y]","[]","[]","27"
"2018","[]","Count_MortalityEvent_Accidents_UnintentionalInjuries__Male_AmericanIndianOrAlaskaNative","[P1Y]","[]","[]","61"
"2023","[]","Count_MortalityEvent_Septicemia_Female_AmericanIndianOrAlaskaNative","[P1Y]","[]","[]","1"
"2020","[]","Count_MortalityEvent_COVID19_Female_TwoOrMoreRaces","[P1Y]","[]","[]","18"
"2021","[]","Count_MortalityEvent_AccidentalDrowningAndSubmersion_Male_TwoOrMoreRaces","[P1Y]","[]","[]","1"
"2018","[]","Count_MortalityEvent_MalignantNeoplasmsOfColonRectumAndAnus_Female_White","[P1Y]","[]","[]","723"
"2018","[]","Count_MortalityEvent_MalignantNeoplasmOfStomach_Male_BlackOrAfricanAmericanAlone","[P1Y]","[]","[]","30"
"2018","[]","Count_MortalityEvent_CerebrovascularDiseases_Male_White","[P1Y]","[]","[]","1521"
"2018","[]","Count_MortalityEvent_AllOtherAndUnspecifiedMalignantNeoplasms_Female_White","[P1Y]","[]","[]","1011"
"2018","[]","Count_MortalityEvent_OtherFormsOfChronicIschemicHeartDisease_Female_TwoOrMoreRaces","[P1Y]","[]","[]","12"
"2018","[]","Count_MortalityEvent_OtherFormsOfChronicIschemicHeartDisease_Female_Asian","[P1Y]","[]","[]","69"
"2018","[]","Count_MortalityEvent_Accidents_UnintentionalInjuries__Male_BlackOrAfricanAmericanAlone","[P1Y]","[]","[]","499"
"2021","[]","Count_MortalityEvent_CertainOtherIntestinalInfections_Female_Asian","[P1Y]","[]","[]","1"
"2018","[]","Count_MortalityEvent_DiseasesOfHeart_Male_BlackOrAfricanAmericanAlone","[P1Y]","[]","[]","859"
"2020","[]","Count_MortalityEvent_HeartFailure_Male_AmericanIndianOrAlaskaNative","[P1Y]","[]","[]","1"
"2018","[]","Count_MortalityEvent_OtherAcuteIschemicHeartDiseases_Male_White","[P1Y]","[]","[]","61"
"2018","[]","Count_MortalityEvent_OtherDiseasesOfCirculatorySystem_Female_White","[P1Y]","[]","[]","279"
"2018","[]","Count_MortalityEvent_MalignantNeoplasmsOfKidneyAndRenalPelvis_Male_BlackOrAfricanAmericanAlone","[P1Y]","[]","[]","22"
"2021","[]","Count_MortalityEvent_IntentionalSelf-Harm_Suicide_ByDischargeOfFirearms_Male_TwoOrMoreRaces","[P1Y]","[]","[]","1"
"2018","[]","Count_MortalityEvent_TransportAccidents_Male_Asian","[P1Y]","[]","[]","18"
"2018","[]","Count_MortalityEvent_IschemicHeartDiseases_Female_AmericanIndianOrAlaskaNative","[P1Y]","[]","[]","16"
"2018","[]","Count_MortalityEvent_IntentionalSelf-Harm_Suicide_ByDischargeOfFirearms_Male_White","[P1Y]","[]","[]","763"
"2020","[]","Count_MortalityEvent_Assault_Homicide__Female_Asian","[P1Y]","[]","[]","1"
"2018","[]","Count_MortalityEvent_IschemicHeartDiseases_Female_BlackOrAfricanAmericanAlone","[P1Y]","[]","[]","458"
"2018","[]","Count_MortalityEvent_MalignantNeoplasmOfLarynx_Female_BlackOrAfricanAmericanAlone","[P1Y]","[]","[]","1"
"2018","[]","Count_MortalityEvent_OtherDisordersOfCirculatorySystem_Female_BlackOrAfricanAmericanAlone","[P1Y]","[]","[]","14"
"2018","[]","Count_MortalityEvent_AlzheimersDisease_Female_TwoOrMoreRaces","[P1Y]","[]","[]","4"
"2018","[]","Count_MortalityEvent_MalignantNeoplasmOfPancreas_Male_Asian","[P1Y]","[]","[]","23"
"2018","[]","Count_MortalityEvent_AlzheimersDisease_Male_AmericanIndianOrAlaskaNative","[P1Y]","[]","[]","1"
"2018","[]","Count_MortalityEvent_AlcoholicLiverDisease_Female_White","[P1Y]","[]","[]","283"
"2018","[]","Count_MortalityEvent_Atherosclerosis_Female_White","[P1Y]","[]","[]","80"
"2018","[]","Count_MortalityEvent_Accidents_UnintentionalInjuries__Male_White","[P1Y]","[]","[]","2074"
"2020","[]","Count_MortalityEvent_LegalIntervention_Male_BlackOrAfricanAmericanAlone","[P1Y]","[]","[]","2"
"2018","[]","Count_MortalityEvent_CertainConditionsOriginatingInThePerinatalPeriod_Female_White","[P1Y]","[]","[]","75"
"2018","[]","Count_MortalityEvent_OtherFormsOfChronicIschemicHeartDisease_Male_White","[P1Y]","[]","[]","2182"
"2020","[]","Count_MortalityEvent_HypertensiveHeartDisease_Male_NativeHawaiianOrOtherPacificIslanderAlone","[P1Y]","[]","[]","1"
"2018","[]","Count_MortalityEvent_Assault_Homicide_ByDischargeOfFirearms_Male_White","[P1Y]","[]","[]","145"
"2018","[]","Count_MortalityEvent_Anemias_Female_BlackOrAfricanAmericanAlone","[P1Y]","[]","[]","13"
"2018","[]","Count_MortalityEvent_Hernia_Male_White","[P1Y]","[]","[]","12"
"2018","[]","Count_MortalityEvent_WaterAirAndSpaceAndOtherAndUnspecifiedTransportAccidentsAndTheirSequelae_Female_White","[P1Y]","[]","[]","1"
"2018","[]","Count_MortalityEvent_AlcoholicLiverDisease_Male_TwoOrMoreRaces","[P1Y]","[]","[]","2"
"2019","[]","Count_MortalityEvent_RenalFailure_Female_NativeHawaiianOrOtherPacificIslanderAlone","[P1Y]","[]","[]","1"
"2018","[]","Count_MortalityEvent_ViralHepatitis_Male_Asian","[P1Y]","[]","[]","2"
"2018","[]","Count_MortalityEvent_SymptomsSignsAndAbnormalClinicalAndLaboratoryFindingsNotElsewhereClassified_Male_AmericanIndianOrAlaskaNative","[P1Y]","[]","[]","4"
"2018","[]","Count_MortalityEvent_OtherAndUnspecifiedNontransportAccidentsAndTheirSequelae_Female_Asian","[P1Y]","[]","[]","1"
"2018","[]","Count_MortalityEvent_OtherDiseasesOfRespiratorySystem_Male_White","[P1Y]","[]","[]","771"
"2018","[]","Count_MortalityEvent_SymptomsSignsAndAbnormalClinicalAndLaboratoryFindingsNotElsewhereClassified_Male_TwoOrMoreRaces","[P1Y]","[]","[]","2"
"2019","[]","Count_MortalityEvent_CertainOtherIntestinalInfections_Male_Asian","[P1Y]","[]","[]","1"
"2018","[]","Count_MortalityEvent_Anemias_Female_White","[P1Y]","[]","[]","63"
"2018","[]","Count_MortalityEvent_OtherChronicLiverDiseaseAndCirrhosis_Female_White","[P1Y]","[]","[]","316"
"2018","[]","Count_MortalityEvent_AllOtherDiseases_Residual__Female_AmericanIndianOrAlaskaNative","[P1Y]","[]","[]","35"
"2018","[]","Count_MortalityEvent_Leukemia_Female_BlackOrAfricanAmericanAlone","[P1Y]","[]","[]","27"
"2018","[]","Count_MortalityEvent_OtherDiseasesOfRespiratorySystem_Female_BlackOrAfricanAmericanAlone","[P1Y]","[]","[]","88"
"2023","[]","Count_MortalityEvent_AccidentalExposureToSmokeFireAndFlames_Male_Asian","[P1Y]","[]","[]","1"
"2018","[]","Count_MortalityEvent_HypertensiveHeartDisease_Male_TwoOrMoreRaces","[P1Y]","[]","[]","5"
"2018","[]","Count_MortalityEvent_Non-HodgkinsLymphoma_Female_White","[P1Y]","[]","[]","280"
"2018","[]","Count_MortalityEvent_AlcoholicLiverDisease_Male_AmericanIndianOrAlaskaNative","[P1Y]","[]","[]","22"
"2019","[]","Count_MortalityEvent_MalignantNeoplasmOfBreast_Female_AmericanIndianOrAlaskaNative","[P1Y]","[]","[]","2"
"2018","[]","Count_MortalityEvent_MalignantNeoplasmOfCervixUteri_Female_White","[P1Y]","[]","[]","83"
"2018","[]","Count_MortalityEvent_DiabetesMellitus_Male_White","[P1Y]","[]","[]","1390"
"2018","[]","Count_MortalityEvent_OtherHeartDiseases_Female_AmericanIndianOrAlaskaNative","[P1Y]","[]","[]","9"
"2018","[]","Count_MortalityEvent_Influenza_Female_Asian","[P1Y]","[]","[]","3"
"2020","[]","Count_MortalityEvent_Pneumonia_Female_AmericanIndianOrAlaskaNative","[P1Y]","[]","[]","1"
"2018","[]","Count_MortalityEvent_MalignantNeoplasms_Male_White","[P1Y]","[]","[]","2780"
"2018","[]","Count_MortalityEvent_SymptomsSignsAndAbnormalClinicalAndLaboratoryFindingsNotElsewhereClassified_Female_Asian","[P1Y]","[]","[]","12"
"2018","[]","Count_MortalityEvent_CertainConditionsOriginatingInThePerinatalPeriod_Male_Asian","[P1Y]","[]","[]","1"
"2018","[]","Count_MortalityEvent_ChronicLiverDiseaseAndCirrhosis_Female_Asian","[P1Y]","[]","[]","6"
"2019","[]","Count_MortalityEvent_CholelithiasisAndOtherDisordersOfGallbladder_Male_Asian","[P1Y]","[]","[]","1"
"2018","[]","Count_MortalityEvent_MajorCardiovascularDiseases_Female_NativeHawaiianOrOtherPacificIslanderAlone","[P1Y]","[]","[]","21"
"2022","[]","Count_MortalityEvent_Malnutrition_Male_Asian","[P1Y]","[]","[]","2"
"2020","[]","Count_MortalityEvent_OtherAndUnspecifiedInfectiousAndParasiticDiseasesAndTheirSequelae_Male_NativeHawaiianOrOtherPacificIslanderAlone","[P1Y]","[]","[]","17"
"2018","[]","Count_MortalityEvent_MalignantNeoplasmsOfColonRectumAndAnus_Female_BlackOrAfricanAmericanAlone","[P1Y]","[]","[]","111"
"2019","[]","Count_MortalityEvent_AllOtherAndUnspecifiedMalignantNeoplasms_Male_AmericanIndianOrAlaskaNative","[P1Y]","[]","[]","2"
"2018","[]","Count_MortalityEvent_SymptomsSignsAndAbnormalClinicalAndLaboratoryFindingsNotElsewhereClassified_Female_BlackOrAfricanAmericanAlone","[P1Y]","[]","[]","91"
"2018","[]","Count_MortalityEvent_NephritisNephroticSyndromeAndNephrosis_Female_Asian","[P1Y]","[]","[]","28"
"2018","[]","Count_MortalityEvent_PneumonitisDueToSolidsAndLiquids_Male_Asian","[P1Y]","[]","[]","15"
"2018","[]","Count_MortalityEvent_Tuberculosis_Male_Asian","[P1Y]","[]","[]","1"
"2019","[]","Count_MortalityEvent_SymptomsSignsAndAbnormalClinicalAndLaboratoryFindingsNotElsewhereClassified_Female_AmericanIndianOrAlaskaNative","[P1Y]","[]","[]","2"
"2020","[]","Count_MortalityEvent_COVID19_Male_BlackOrAfricanAmericanAlone","[P1Y]","[]","[]","576"
"2020","[]","Count_MortalityEvent_COVID19_Male_TwoOrMoreRaces","[P1Y]","[]","[]","25"
"2018","[]","Count_MortalityEvent_AllOtherDiseases_Residual__Female_White","[P1Y]","[]","[]","2513"
"2018","[]","Count_MortalityEvent_TransportAccidents_Male_BlackOrAfricanAmericanAlone","[P1Y]","[]","[]","209"
"2018","[]","Count_MortalityEvent_CerebrovascularDiseases_Female_BlackOrAfricanAmericanAlone","[P1Y]","[]","[]","336"
"2018","[]","Count_MortalityEvent_DiabetesMellitus_Female_AmericanIndianOrAlaskaNative","[P1Y]","[]","[]","13"
"2018","[]","Count_MortalityEvent_HypertensiveHeartDisease_Male_White","[P1Y]","[]","[]","862"
"2018","[]","Count_MortalityEvent_MalignantNeoplasms_Female_TwoOrMoreRaces","[P1Y]","[]","[]","38"
"2018","[]","Count_MortalityEvent_AtheroscleroticCardiovascularDiseaseSoDescribed_Female_AmericanIndianOrAlaskaNative","[P1Y]","[]","[]","3"
"2018","[]","Count_MortalityEvent_IschemicHeartDiseases_Male_BlackOrAfricanAmericanAlone","[P1Y]","[]","[]","574"
"2019","[]","Count_MortalityEvent_HypertensiveHeartAndRenalDisease_Female_Asian","[P1Y]","[]","[]","5"
"2018","[]","Count_MortalityEvent_AccidentalExposureToSmokeFireAndFlames_Female_BlackOrAfricanAmericanAlone","[P1Y]","[]","[]","5"
"2018","[]","Count_MortalityEvent_MalignantNeoplasmOfLarynx_Male_White","[P1Y]","[]","[]","63"
"2018","[]","Count_MortalityEvent_Assault_Homicide_ByDischargeOfFirearms_Male_BlackOrAfricanAmericanAlone","[P1Y]","[]","[]","256"
"2020","[]","Count_MortalityEvent_MalignantNeoplasmsOfLiverAndIntrahepaticBileDucts_Female_TwoOrMoreRaces","[P1Y]","[]","[]","1"
"2018","[]","Count_MortalityEvent_MalignantNeoplasmsOfColonRectumAndAnus_Male_TwoOrMoreRaces","[P1Y]","[]","[]","2"
"2018","[]","Count_MortalityEvent_IschemicHeartDiseases_Male_TwoOrMoreRaces","[P1Y]","[]","[]","23"
"2018","[]","Count_MortalityEvent_OtherAcuteIschemicHeartDiseases_Male_BlackOrAfricanAmericanAlone","[P1Y]","[]","[]","15"
"2018","[]","Count_MortalityEvent_Assault_Homicide_ByOtherAndUnspecifiedMeansAndTheirSequelae_Male_BlackOrAfricanAmericanAlone","[P1Y]","[]","[]","43"
"2018","[]","Count_MortalityEvent_Essential_Primary_HypertensionAndHypertensiveRenalDisease_Female_White","[P1Y]","[]","[]","605"
"2018","[]","Count_MortalityEvent_TransportAccidents_Female_Asian","[P1Y]","[]","[]","8"
"2018","[]","Count_MortalityEvent_MalignantNeoplasmsOfLymphoidHematopoieticAndRelatedTissue_Female_White","[P1Y]","[]","[]","705"
"2018","[]","Count_MortalityEvent_AtheroscleroticCardiovascularDiseaseSoDescribed_Female_White","[P1Y]","[]","[]","668"
"2018","[]","Count_MortalityEvent_MalignantNeoplasmOfStomach_Female_BlackOrAfricanAmericanAlone","[P1Y]","[]","[]","22"
"2018","[]","Count_MortalityEvent_MalignantNeoplasmsOfTracheaBronchusAndLung_Male_Asian","[P1Y]","[]","[]","50"
"2018","[]","Count_MortalityEvent_AlzheimersDisease_Female_White","[P1Y]","[]","[]","1787"
"2018","[]","Count_MortalityEvent_ChronicLowerRespiratoryDiseases_Male_AmericanIndianOrAlaskaNative","[P1Y]","[]","[]","3"
"2018","[]","Count_MortalityEvent_CongenitalMalformationsDeformationsAndChromosomalAbnormalities_Male_White","[P1Y]","[]","[]","129"
"2018","[]","Count_MortalityEvent_Atherosclerosis_Male_BlackOrAfricanAmericanAlone","[P1Y]","[]","[]","3"
"2019","[]","Count_MortalityEvent_AorticAneurysmAndDissection_Female_Asian","[P1Y]","[]","[]","2"
"2018","[]","Count_MortalityEvent_MajorCardiovascularDiseases_Female_BlackOrAfricanAmericanAlone","[P1Y]","[]","[]","897"
"2018","[]","Count_MortalityEvent_DiseasesOfHeart_Male_AmericanIndianOrAlaskaNative","[P1Y]","[]","[]","84"
"2018","[]","Count_MortalityEvent_HypertensiveHeartAndRenalDisease_Male_White","[P1Y]","[]","[]","206"
"2018","[]","Count_MortalityEvent_AllOtherFormsOfChronicIschemicHeartDisease_Male_TwoOrMoreRaces","[P1Y]","[]","[]","11"
"2018","[]","Count_MortalityEvent_NontransportAccidents_Female_BlackOrAfricanAmericanAlone","[P1Y]","[]","[]","207"
"2018","[]","Count_MortalityEvent_MalignantNeoplasmsOfLymphoidHematopoieticAndRelatedTissue_Male_BlackOrAfricanAmericanAlone","[P1Y]","[]","[]","115"
"2020","[]","Count_MortalityEvent_COVID19_Female_NativeHawaiianOrOtherPacificIslanderAlone","[P1Y]","[]","[]","14"
"2018","[]","Count_MortalityEvent_WaterAirAndSpaceAndOtherAndUnspecifiedTransportAccidentsAndTheirSequelae_Male_White","[P1Y]","[]","[]","17"
"2018","[]","Count_MortalityEvent_MultipleMyelomaAndImmunoproliferativeNeoplasms_Female_BlackOrAfricanAmericanAlone","[P1Y]","[]","[]","33"
"2018","[]","Count_MortalityEvent_MalignantNeoplasmOfBreast_Female_TwoOrMoreRaces","[P1Y]","[]","[]","4"
"2019","[]","Count_MortalityEvent_MalignantNeoplasmsOfLymphoidHematopoieticAndRelatedTissue_Male_NativeHawaiianOrOtherPacificIslanderAlone","[P1Y]","[]","[]","1"
"2018","[]","Count_MortalityEvent_Leukemia_Male_BlackOrAfricanAmericanAlone","[P1Y]","[]","[]","31"
"2018","[]","Count_MortalityEvent_ChronicLiverDiseaseAndCirrhosis_Male_TwoOrMoreRaces","[P1Y]","[]","[]","3"
"2019","[]","Count_MortalityEvent_RespiratoryTuberculosis_Male_Asian","[P1Y]","[]","[]","1"
"2018","[]","Count_MortalityEvent_CongenitalMalformationsDeformationsAndChromosomalAbnormalities_Male_Asian","[P1Y]","[]","[]","2"
"2021","[]","Count_MortalityEvent_DiseasesOfPericardiumAndAcuteMyocarditis_Male_White","[P1Y]","[]","[]","2"
"2018","[]","Count_MortalityEvent_Hernia_Female_White","[P1Y]","[]","[]","14"
"2018","[]","Count_MortalityEvent_OtherAndUnspecifiedInfectiousAndParasiticDiseasesAndTheirSequelae_Male_BlackOrAfricanAmericanAlone","[P1Y]","[]","[]","583"
"2018","[]","Count_MortalityEvent_AtheroscleroticCardiovascularDiseaseSoDescribed_Male_TwoOrMoreRaces","[P1Y]","[]","[]","6"
"2018","[]","Count_MortalityEvent_DiseasesOfHeart_Male_TwoOrMoreRaces","[P1Y]","[]","[]","41"
"2020","[]","Count_MortalityEvent_RenalFailure_Male_AmericanIndianOrAlaskaNative","[P1Y]","[]","[]","2"
"2018","[]","Count_MortalityEvent_AllOtherFormsOfChronicIschemicHeartDisease_Male_AmericanIndianOrAlaskaNative","[P1Y]","[]","[]","11"
"2018","[]","Count_MortalityEvent_OtherComplicationsOfPregnancyChildbirthAndThePuerperium_Female_White","[P1Y]","[]","[]","6"
"2018","[]","Count_MortalityEvent_AllOtherFormsOfHeartDisease_Male_White","[P1Y]","[]","[]","1648"
"2018","[]","Count_MortalityEvent_AllOtherDiseases_Residual__Male_TwoOrMoreRaces","[P1Y]","[]","[]","22"
"2018","[]","Count_MortalityEvent_TransportAccidents_Female_White","[P1Y]","[]","[]","344"
"2018","[]","Count_MortalityEvent_AorticAneurysmAndDissection_Female_White","[P1Y]","[]","[]","118"
"2018","[]","Count_MortalityEvent_AtheroscleroticCardiovascularDiseaseSoDescribed_Female_TwoOrMoreRaces","[P1Y]","[]","[]","4"
"2018","[]","Count_MortalityEvent_MalignantNeoplasmsOfLiverAndIntrahepaticBileDucts_Male_White","[P1Y]","[]","[]","535"
"2018","[]","Count_MortalityEvent_MalignantNeoplasmsOfTracheaBronchusAndLung_Female_AmericanIndianOrAlaskaNative","[P1Y]","[]","[]","2"
"2018","[]","Count_MortalityEvent_EnterocolitisDueToClostridiumDifficile_Female_BlackOrAfricanAmericanAlone","[P1Y]","[]","[]","4"
"2018","[]","Count_MortalityEvent_MalignantNeoplasmOfPancreas_Female_Asian","[P1Y]","[]","[]","23"
"2018","[]","Count_MortalityEvent_MalignantNeoplasmsOfLymphoidHematopoieticAndRelatedTissue_Female_Asian","[P1Y]","[]","[]","23"
"2018","[]","Count_MortalityEvent_CerebrovascularDiseases_Female_White","[P1Y]","[]","[]","1747"
"2018","[]","Count_MortalityEvent_Atherosclerosis_Female_BlackOrAfricanAmericanAlone","[P1Y]","[]","[]","8"
"2018","[]","Count_MortalityEvent_MalignantNeoplasmsOfTracheaBronchusAndLung_Male_White","[P1Y]","[]","[]","1823"
"2019","[]","Count_MortalityEvent_AccidentalDrowningAndSubmersion_Female_BlackOrAfricanAmericanAlone","[P1Y]","[]","[]","2"
"2018","[]","Count_MortalityEvent_MalignantNeoplasmsOfMeningesBrainAndOtherPartsOfCentralNervousSystem_Male_White","[P1Y]","[]","[]","333"
"2018","[]","Count_MortalityEvent_OtherHeartDiseases_Male_AmericanIndianOrAlaskaNative","[P1Y]","[]","[]","10"
"2018","[]","Count_MortalityEvent_HypertensiveHeartAndRenalDisease_Male_Asian","[P1Y]","[]","[]","3"
"2018","[]","Count_MortalityEvent_Essential_Primary_HypertensionAndHypertensiveRenalDisease_Male_Asian","[P1Y]","[]","[]","22"
"2018","[]","Count_MortalityEvent_ChronicLowerRespiratoryDiseases_Male_TwoOrMoreRaces","[P1Y]","[]","[]","4"
"2018","[]","Count_MortalityEvent_MalignantNeoplasmOfOvary_Female_White","[P1Y]","[]","[]","416"
"2020","[]","Count_MortalityEvent_Septicemia_Male_TwoOrMoreRaces","[P1Y]","[]","[]","1"
"2018","[]","Count_MortalityEvent_AtheroscleroticCardiovascularDiseaseSoDescribed_Female_Asian","[P1Y]","[]","[]","22"
"2018","[]","Count_MortalityEvent_PregnancyChildbirthAndThePuerperium_Female_BlackOrAfricanAmericanAlone","[P1Y]","[]","[]","7"
"2018","[]","Count_MortalityEvent_AllOtherFormsOfChronicIschemicHeartDisease_Male_Asian","[P1Y]","[]","[]","69"
"2018","[]","Count_MortalityEvent_OtherAcuteIschemicHeartDiseases_Female_White","[P1Y]","[]","[]","41"
"2018","[]","Count_MortalityEvent_AcuteMyocardialInfarction_Male_Asian","[P1Y]","[]","[]","48"
"2018","[]","Count_MortalityEvent_Non-HodgkinsLymphoma_Female_Asian","[P1Y]","[]","[]","10"
"2018","[]","Count_MortalityEvent_Malnutrition_Female_BlackOrAfricanAmericanAlone","[P1Y]","[]","[]","30"
"2018","[]","Count_MortalityEvent_AccidentalPoisoningAndExposureToNoxiousSubstances_Male_AmericanIndianOrAlaskaNative","[P1Y]","[]","[]","23"
"2018","[]","Count_MortalityEvent_AllOtherAndUnspecifiedMalignantNeoplasms_Female_TwoOrMoreRaces","[P1Y]","[]","[]","2"
"2018","[]","Count_MortalityEvent_PneumoconiosesAndChemicalEffects_Male_White","[P1Y]","[]","[]","4"
"2018","[]","Count_MortalityEvent_PneumonitisDueToSolidsAndLiquids_Female_BlackOrAfricanAmericanAlone","[P1Y]","[]","[]","32"
"2018","[]","Count_MortalityEvent_Non-HodgkinsLymphoma_Male_BlackOrAfricanAmericanAlone","[P1Y]","[]","[]","20"
"2018","[]","Count_MortalityEvent_NephritisNephroticSyndromeAndNephrosis_Male_TwoOrMoreRaces","[P1Y]","[]","[]","1"
"2018","[]","Count_MortalityEvent_MalignantNeoplasmsOfLiverAndIntrahepaticBileDucts_Male_Asian","[P1Y]","[]","[]","33"
"2018","[]","Count_MortalityEvent_Assault_Homicide__Male_BlackOrAfricanAmericanAlone","[P1Y]","[]","[]","273"
"2018","[]","Count_MortalityEvent_MalignantNeoplasms_Male_Asian","[P1Y]","[]","[]","172"
"2018","[]","Count_MortalityEvent_MalignantNeoplasmOfPancreas_Male_TwoOrMoreRaces","[P1Y]","[]","[]","1"
"2018","[]","Count_MortalityEvent_AcuteMyocardialInfarction_Male_BlackOrAfricanAmericanAlone","[P1Y]","[]","[]","262"
"2018","[]","Count_MortalityEvent_InfluenzaAndPneumonia_Female_TwoOrMoreRaces","[P1Y]","[]","[]","1"
"2018","[]","Count_MortalityEvent_HumanImmunodeficiencyVirus_Hiv_Disease_Male_BlackOrAfricanAmericanAlone","[P1Y]","[]","[]","58"
"2018","[]","Count_MortalityEvent_CertainConditionsOriginatingInThePerinatalPeriod_Male_White","[P1Y]","[]","[]","105"
"2018","[]","Count_MortalityEvent_AlzheimersDisease_Female_BlackOrAfricanAmericanAlone","[P1Y]","[]","[]","227"
"2020","[]","Count_MortalityEvent_OtherAndUnspecifiedInfectiousAndParasiticDiseasesAndTheirSequelae_Female_AmericanIndianOrAlaskaNative","[P1Y]","[]","[]","58"
"2018","[]","Count_MortalityEvent_RenalFailure_Male_White","[P1Y]","[]","[]","775"
"2023","[]","Count_MortalityEvent_HeartFailure_Female_AmericanIndianOrAlaskaNative","[P1Y]","[]","[]","1"
"2018","[]","Count_MortalityEvent_OtherDisordersOfCirculatorySystem_Male_BlackOrAfricanAmericanAlone","[P1Y]","[]","[]","18"
"2021","[]","Count_MortalityEvent_Anemias_Male_Asian","[P1Y]","[]","[]","1"
"2018","[]","Count_MortalityEvent_AllOtherFormsOfHeartDisease_Male_NativeHawaiianOrOtherPacificIslanderAlone","[P1Y]","[]","[]","2"
"2018","[]","Count_MortalityEvent_NontransportAccidents_Male_TwoOrMoreRaces","[P1Y]","[]","[]","34"
"2018","[]","Count_MortalityEvent_MalignantNeoplasmsOfMeningesBrainAndOtherPartsOfCentralNervousSystem_Male_Asian","[P1Y]","[]","[]","8"
"2018","[]","Count_MortalityEvent_AllOtherFormsOfHeartDisease_Male_Asian","[P1Y]","[]","[]","41"
"2018","[]","Count_MortalityEvent_AccidentalExposureToSmokeFireAndFlames_Male_White","[P1Y]","[]","[]","17"
"2018","[]","Count_MortalityEvent_MalignantNeoplasmOfPancreas_Female_White","[P1Y]","[]","[]","623"
"2018","[]","Count_MortalityEvent_Accidents_UnintentionalInjuries__Female_NativeHawaiianOrOtherPacificIslanderAlone","[P1Y]","[]","[]","1"
"2018","[]","Count_MortalityEvent_MultipleMyelomaAndImmunoproliferativeNeoplasms_Male_BlackOrAfricanAmericanAlone","[P1Y]","[]","[]","33"
"2018","[]","Count_MortalityEvent_HeartFailure_Male_TwoOrMoreRaces","[P1Y]","[]","[]","3"
"2018","[]","Count_MortalityEvent_NontransportAccidents_Female_TwoOrMoreRaces","[P1Y]","[]","[]","15"
"2019","[]","Count_MortalityEvent_Assault_Homicide__Male_TwoOrMoreRaces","[P1Y]","[]","[]","5"
"2018","[]","Count_MortalityEvent_HypertensiveHeartAndRenalDisease_Male_BlackOrAfricanAmericanAlone","[P1Y]","[]","[]","47"
"2019","[]","Count_MortalityEvent_RenalFailure_Female_TwoOrMoreRaces","[P1Y]","[]","[]","1"
"2018","[]","Count_MortalityEvent_AlcoholicLiverDisease_Male_Asian","[P1Y]","[]","[]","8"
"2018","[]","Count_MortalityEvent_AllOtherFormsOfChronicIschemicHeartDisease_Male_White","[P1Y]","[]","[]","1939"
"2018","[]","Count_MortalityEvent_MultipleMyelomaAndImmunoproliferativeNeoplasms_Male_White","[P1Y]","[]","[]","214"
"2018","[]","Count_MortalityEvent_MalignantNeoplasmOfPancreas_Male_White","[P1Y]","[]","[]","716"
"2018","[]","Count_MortalityEvent_MalignantNeoplasmsOfMeningesBrainAndOtherPartsOfCentralNervousSystem_Female_BlackOrAfricanAmericanAlone","[P1Y]","[]","[]","12"
"2019","[]","Count_MortalityEvent_NephritisNephroticSyndromeAndNephrosis_Female_TwoOrMoreRaces","[P1Y]","[]","[]","1"
"2018","[]","Count_MortalityEvent_CerebrovascularDiseases_Female_Asian","[P1Y]","[]","[]","78"
"2018","[]","Count_MortalityEvent_OtherHeartDiseases_Male_NativeHawaiianOrOtherPacificIslanderAlone","[P1Y]","[]","[]","4"
"2018","[]","Count_MortalityEvent_MotorVehicleAccidents_Female_AmericanIndianOrAlaskaNative","[P1Y]","[]","[]","5"
"2018","[]","Count_MortalityEvent_MalignantNeoplasmsOfLipOralCavityAndPharynx_Female_BlackOrAfricanAmericanAlone","[P1Y]","[]","[]","4"
"2021","[]","Count_MortalityEvent_Meningitis_Male_White","[P1Y]","[]","[]","1"
"2018","[]","Count_MortalityEvent_MalignantNeoplasmsOfLiverAndIntrahepaticBileDucts_Male_BlackOrAfricanAmericanAlone","[P1Y]","[]","[]","85"
"2018","[]","Count_MortalityEvent_AcuteMyocardialInfarction_Female_BlackOrAfricanAmericanAlone","[P1Y]","[]","[]","196"
"2018","[]","Count_MortalityEvent_Assault_Homicide__Female_BlackOrAfricanAmericanAlone","[P1Y]","[]","[]","61"
