"MeasurementMethods","MinDate","NumPlaces","observationPeriods","StatVar","Units","ScalingFactors"
"[]","2000","186","[P1Y]","Count_Death_IntentionalSelfHarm_Male_AsFractionOf_Count_Person_Male","[Per100000Males]","[]"
"[]","1990","203","[P1Y]","Amount_EconomicActivity_GrossNationalIncome_PurchasingPowerParity","[InternationalDollar]","[]"
"[JointChildMalnutritionEstimate]","1983","165","[P1Y]","Count_Person_Upto4Years_Wasting_AsFractionOf_Count_Person_Upto4Years","[Percent]","[100]"
"[]","1994","143","[P1Y]","Count_Person_25OrMoreYears_DoctorateDegree_AsFractionOf_Count_Person_25OrMoreYears","[]","[]"
"[]","1970","204","[P1Y]","Amount_Emissions_CarbonDioxide_PerCapita","[MetricTon]","[]"
"[]","1970","183","[P1Y]","Count_Person_25OrMoreYears_Male_TertiaryEducation_AsFractionOf_Count_Person_25OrMoreYears_Male","[]","[]"
"[]","1960","218","[P1Y]","LifeExpectancy_Person_Female","[Year]","[]"
"[]","1994","138","[P1Y]","Count_Person_25OrMoreYears_Male_DoctorateDegree_AsFractionOf_Count_Person_25OrMoreYears_Male","[]","[]"
"[UnitedNationsIGMEEstimate]","1960","197","[P1Y]","Count_Death_0Years_Female_AsFractionOf_Count_BirthEvent_LiveBirth_Female","[Per1000FemaleLiveBirths]","[]"
"[]","1990","197","[P1Y]","Count_CriminalActivities_MurderAndNonNegligentManslaughter_AsFractionOf_Count_Person","[Per100000Persons]","[]"
"[]","2000","194","[P1Y]","Amount_EconomicActivity_ExpenditureActivity_HealthcareExpenditure_AsFractionOf_Count_Person","[InternationalDollar, USDollar]","[]"
"[]","1980","201","[P1Y]","Amount_EconomicActivity_ExpenditureActivity_EducationExpenditure_Government_AsFractionOf_Amount_EconomicActivity_ExpenditureActivity_Government","[Percent]","[100]"
"[]","1970","187","[P1Y]","Count_Person_25OrMoreYears_Male_BachelorsDegreeOrHigher_AsFractionOf_Count_Person_25OrMoreYears_Male","[]","[]"
"[]","1960","218","[]","FertilityRate_Person_Female","[]","[]"
"[WorldBankEstimate]","1960","218","[P1Y]","Count_Person_Rural","[]","[]"
"[]","1970","183","[P1Y]","Count_Person_25OrMoreYears_Female_TertiaryEducation_AsFractionOf_Count_Person_25OrMoreYears_Female","[]","[]"
"[WorldBankEstimate]","1960","218","[P1Y]","Count_Person_Urban","[]","[]"
"[]","1983","165","[P1Y]","Count_Person_Upto4Years_Overweight_AsFractionOf_Count_Person_Upto4Years","[]","[]"
"[]","1960","218","[P1Y]","LifeExpectancy_Person_Male","[Year]","[]"
"[]","1960","218","[P1Y]","Count_BirthEvent_LiveBirth_AsFractionOf_Count_Person","[Per1000Persons]","[]"
"[]","1960","197","[P1Y]","MortalityRate_Person_Upto4Years_AsFractionOf_Count_BirthEvent_LiveBirth","[Per1000LiveBirths]","[]"
"[]","1960","218","[P1Y]","Count_Person","[]","[]"
"[]","1994","100","[P1Y]","Count_Person_7To14Years_Male_Employed_AsFractionOf_Count_Person_7To14Years_Male","[Percent]","[100]"
"[JointChildMalnutritionEstimate]","1986","160","[P1Y]","Count_Person_Upto4Years_Male_Wasting_AsFractionOf_Count_Person_Upto4Years_Male","[Percent]","[100]"
"[]","1970","204","[P1Y]","Amount_EconomicActivity_ExpenditureActivity_EducationExpenditure_Government_AsFractionOf_Amount_EconomicActivity_GrossDomesticProduction_Nominal","[Percent]","[100]"
"[]","1970","187","[P1Y]","Count_Person_25OrMoreYears_BachelorsDegreeOrHigher_AsFractionOf_Count_Person_25OrMoreYears","[]","[]"
"[AgeAdjustedPrevalence]","2000","165","[P1Y]","Count_Person_15OrMoreYears_Female_Smoking_AsFractionOf_Count_Person_15OrMoreYears_Female","[]","[]"
"[AgeAdjustedPrevalence]","2000","165","[P1Y]","Count_Person_15OrMoreYears_Smoking_AsFractionOf_Count_Person_15OrMoreYears","[]","[]"
"[]","1990","203","[P1Y]","Amount_EconomicActivity_GrossNationalIncome_PurchasingPowerParity_PerCapita","[InternationalDollar]","[]"
"[]","1986","160","[P1Y]","Count_Person_Upto4Years_Male_Overweight_AsFractionOf_Count_Person_Upto4Years_Male","[]","[]"
"[UnitedNationsIGMEEstimate]","1960","197","[P1Y]","Count_Death_0Years","[]","[]"
"[]","1970","195","[P1Y]","Amount_EconomicActivity_ExpenditureActivity_TertiaryEducationExpenditure_Government_AsFractionOf_Amount_EconomicActivity_ExpenditureActivity_EducationExpenditure_Government","[]","[]"
"[JointChildMalnutritionEstimate]","1986","159","[P1Y]","Count_Person_Upto4Years_Male_SevereWasting_AsFractionOf_Count_Person_Upto4Years_Male","[Percent]","[100]"
"[]","1990","151","[P1Y]","Amount_Consumption_Electricity_PerCapita","[KilowattHour]","[]"
"[UnitedNationsIGMEEstimate]","1960","197","[P1Y]","Count_Death_0Years_Male_AsFractionOf_Count_BirthEvent_LiveBirth_Male","[Per1000MaleLiveBirths]","[]"
"[]","1990","180","[P1Y]","Amount_Consumption_Energy_PerCapita","[KilogramOfOilEquivalent]","[]"
"[]","2000","186","[P1Y]","Count_Death_IntentionalSelfHarm_Female_AsFractionOf_Count_Person_Female","[Per100000Females]","[]"
"[AgeAdjustedPrevalence]","2000","165","[P1Y]","Count_Person_15OrMoreYears_Male_Smoking_AsFractionOf_Count_Person_15OrMoreYears_Male","[]","[]"
"[]","1990","149","[P1Y]","Count_CriminalActivities_MurderAndNonNegligentManslaughter_Male_AsFractionOf_Count_Person_Male","[Per100000Males]","[]"
"[WorldBankEstimate]","1970","200","[P1Y]","Amount_Remittance_InwardRemittance_AsFractionOf_Amount_EconomicActivity_GrossDomesticProduction_Nominal","[Percent]","[100]"
"[]","1990","188","[P1Y]","Count_Person_15To64Years_InLaborForce_AsFractionOf_Count_Person_15To64Years","[]","[]"
"[]","1994","100","[P1Y]","Count_Person_7To14Years_Employed_AsFractionOf_Count_Person_7To14Years","[Percent]","[100]"
"[WorldBankEstimate]","1963","171","[P1Y]","GiniIndex_EconomicActivity","[]","[]"
"[]","1990","161","[P1Y]","Count_Person_25OrMoreYears_Female_MastersDegreeOrHigher_AsFractionOf_Count_Person_25OrMoreYears_Female","[]","[]"
"[]","1990","169","[P1Y]","Count_Person_25OrMoreYears_MastersDegreeOrHigher_AsFractionOf_Count_Person_25OrMoreYears","[]","[]"
"[]","1990","152","[P1Y]","Count_CriminalActivities_MurderAndNonNegligentManslaughter_Female_AsFractionOf_Count_Person_Female","[Per100000Females]","[]"
"[]","1990","188","[P1Y]","Count_Person_15To64Years_Female_InLaborForce_AsFractionOf_Count_Person_15To64Years_Female","[]","[]"
"[]","1975","104","[P1Y]","Amount_Stock_AsFractionOf_Amount_EconomicActivity_GrossDomesticProduction_Nominal","[Percent]","[100]"
"[]","1994","130","[P1Y]","Count_Person_25OrMoreYears_Female_DoctorateDegree_AsFractionOf_Count_Person_25OrMoreYears_Female","[]","[]"
"[]","1961","215","[P1Y]","GrowthRate_Amount_EconomicActivity_GrossDomesticProduction","[]","[]"
"[WorldBankWeightedAverage]","1960","218","[P1Y]","Count_Death_AsAFractionOfCount_Person","[Per1000Persons]","[]"
"[]","1960","215","[P1Y]","Amount_EconomicActivity_GrossDomesticProduction_Nominal","[USDollar]","[]"
"[]","1990","188","[P1Y]","Count_Person_15To64Years_Male_InLaborForce_AsFractionOf_Count_Person_15To64Years_Male","[]","[]"
"[WorldBankEstimate]","1970","200","[P1Y]","Amount_Remittance_InwardRemittance","[USDollar]","[]"
"[JointChildMalnutritionEstimate]","1983","161","[P1Y]","Count_Person_Upto4Years_SevereWasting_AsFractionOf_Count_Person_Upto4Years","[Percent]","[100]"
"[]","1970","187","[P1Y]","Count_Person_25OrMoreYears_Female_BachelorsDegreeOrHigher_AsFractionOf_Count_Person_25OrMoreYears_Female","[]","[]"
"[]","1994","100","[P1Y]","Count_Person_7To14Years_Female_Employed_AsFractionOf_Count_Person_7To14Years_Female","[Percent]","[100]"
"[]","1990","166","[P1Y]","Count_Person_25OrMoreYears_Male_MastersDegreeOrHigher_AsFractionOf_Count_Person_25OrMoreYears_Male","[]","[]"
"[]","1960","215","[P1Y]","Amount_EconomicActivity_GrossDomesticProduction_Nominal_PerCapita","[USDollar]","[]"
"[WorldHealthOrganizationEstimates]","2000","188","[P1Y]","Amount_Consumption_Alcohol_15OrMoreYears_AsFractionOf_Count_Person_15OrMoreYears","[Liter]","[]"
"[]","1990","188","[P1Y]","Count_Person_15OrMoreYears_InLaborForce_Female_AsFractionOf_Count_Person_InLaborForce","[]","[]"
"[]","1990","216","[P1Y]","Count_Person_ResidingLessThan5MetersAboveSeaLevel_AsFractionOf_Count_Person","[]","[]"
"[]","1960","215","[P1Y]","Count_Product_MobileCellularSubscription_AsFractionOf_Count_Person","[]","[]"
"[InternationalLaborOrganization]","1990","188","[P1Y]","Count_Person_InLaborForce","[]","[]"
"[]","2000","186","[P1Y]","Count_Death_IntentionalSelfHarm_AsFractionOf_Count_Person","[Per100000Persons]","[]"
"[UnitedNationsIGMEEstimate]","1960","197","[P1Y]","Count_Death_0Years_AsFractionOf_Count_BirthEvent_LiveBirth","[Per1000LiveBirths]","[]"
"[JointChildMalnutritionEstimate]","1986","160","[P1Y]","Count_Person_Upto4Years_Female_Wasting_AsFractionOf_Count_Person_Upto4Years_Female","[Percent]","[100]"
"[WorldBankEstimate]","1970","200","[P1Y]","Amount_Remittance_OutwardRemittance","[USDollar]","[]"
"[]","1986","160","[P1Y]","Count_Person_Upto4Years_Female_Overweight_AsFractionOf_Count_Person_Upto4Years_Female","[]","[]"
"[]","1990","214","[P1Y]","Count_Person_IsInternetUser_PerCapita","[]","[100]"
"[]","1990","210","[P1Y]","Amount_Production_ElectricityFromNuclearSources_AsFractionOf_Amount_Production_Energy","[]","[]"
"[JointChildMalnutritionEstimate]","1986","159","[P1Y]","Count_Person_Upto4Years_Female_SevereWasting_AsFractionOf_Count_Person_Upto4Years_Female","[Percent]","[100]"
"[]","1970","184","[P1Y]","Count_Person_25OrMoreYears_TertiaryEducation_AsFractionOf_Count_Person_25OrMoreYears","[]","[]"
"[]","1990","210","[P1Y]","Amount_Production_ElectricityFromOilGasOrCoalSources_AsFractionOf_Amount_Production_Energy","[]","[]"
"[]","1961","218","[P1Y]","GrowthRate_Count_Person","[]","[]"
"[]","1990","213","[P1Y]","Amount_Consumption_RenewableEnergy_AsFractionOf_Amount_Consumption_Energy","[]","[]"
"[]","1975","104","[P1Y]","Amount_Stock","[USDollar]","[]"
"[]","1960","218","[]","LifeExpectancy_Person","[Year]","[]"
"[]","2000","210","[P1Y]","Count_Person_20To79Years_Diabetes_AsFractionOf_Count_Person_20To79Years","[]","[]"
