"NumPlaces","ScalingFactors","observationPeriods","MinDate","Units","StatVar","MeasurementMethods"
"38436","[]","[]","2009","[]","EveryWeekday_Mean_VehicleTrips_Household_With1Person_With4AvailableVehicles_LocalAreaTransportation","[NationalHouseholdTransportationSurveyEstimates_MarginOfErrorMoreThanACSSurvey, NationalHouseholdTransportationSurveyEstimates]"
"38430","[]","[]","2009","[]","EveryWeekday_Mean_PersonTrips_Household_With4Person_With0AvailableVehicles_LocalAreaTransportation","[NationalHouseholdTransportationSurveyEstimates_MarginOfErrorMoreThanACSSurvey, NationalHouseholdTransportationSurveyEstimates]"
"39214","[]","[]","2009","[]","EveryWeekday_Mean_PersonTrips_Household_LocalAreaTransportation","[NationalHouseholdTransportationSurveyEstimates_MarginOfErrorMoreThanACSSurvey, NationalHouseholdTransportationSurveyEstimates]"
"38426","[]","[]","2009","[]","EveryWeekday_Mean_PersonTrips_Household_With5Person_With2AvailableVehicles_LocalAreaTransportation","[NationalHouseholdTransportationSurveyEstimates]"
"38449","[]","[]","2009","[]","EveryWeekday_Mean_PersonTrips_Household_With2Person_With0AvailableVehicles_LocalAreaTransportation","[NationalHouseholdTransportationSurveyEstimates_MarginOfErrorMoreThanACSSurvey, NationalHouseholdTransportationSurveyEstimates]"
"38436","[]","[]","2009","[]","EveryWeekday_Mean_VehicleTrips_Household_With3Person_With4AvailableVehicles_LocalAreaTransportation","[NationalHouseholdTransportationSurveyEstimates_MarginOfErrorMoreThanACSSurvey, NationalHouseholdTransportationSurveyEstimates]"
"38417","[]","[]","2009","[]","EveryWeekday_Mean_PersonMilesTraveled_Household_With2Person_With3AvailableVehicles_LocalAreaTransportation","[NationalHouseholdTransportationSurveyEstimates_MarginOfErrorMoreThanACSSurvey, NationalHouseholdTransportationSurveyEstimates]"
"38438","[]","[]","2009","[]","EveryWeekday_Mean_VehicleTrips_Household_With2Person_With2AvailableVehicles_LocalAreaTransportation","[NationalHouseholdTransportationSurveyEstimates_MarginOfErrorMoreThanACSSurvey, NationalHouseholdTransportationSurveyEstimates]"
"38412","[]","[]","2009","[]","EveryWeekday_Mean_VehicleMilesTraveled_Household_With2Person_With4AvailableVehicles_LocalAreaTransportation","[NationalHouseholdTransportationSurveyEstimates_MarginOfErrorMoreThanACSSurvey, NationalHouseholdTransportationSurveyEstimates]"
"38439","[]","[]","2009","[]","EveryWeekday_Mean_VehicleTrips_Household_With4Person_With2AvailableVehicles_LocalAreaTransportation","[NationalHouseholdTransportationSurveyEstimates_MarginOfErrorMoreThanACSSurvey, NationalHouseholdTransportationSurveyEstimates]"
"38562","[]","[]","2009","[]","EveryWeekday_Mean_VehicleTrips_Household_With1Person_With0AvailableVehicles_LocalAreaTransportation","[NationalHouseholdTransportationSurveyEstimates_MarginOfErrorMoreThanACSSurvey, NationalHouseholdTransportationSurveyEstimates]"
"38430","[]","[]","2009","[]","EveryWeekday_Mean_VehicleTrips_Household_With5Person_With4AvailableVehicles_LocalAreaTransportation","[NationalHouseholdTransportationSurveyEstimates]"
"38480","[]","[]","2009","[]","EveryWeekday_Mean_VehicleTrips_Household_With3Person_With0AvailableVehicles_LocalAreaTransportation","[NationalHouseholdTransportationSurveyEstimates_MarginOfErrorMoreThanACSSurvey, NationalHouseholdTransportationSurveyEstimates]"
"38433","[]","[]","2009","[]","EveryWeekday_Mean_PersonTrips_Household_With2Person_With4AvailableVehicles_LocalAreaTransportation","[NationalHouseholdTransportationSurveyEstimates_MarginOfErrorMoreThanACSSurvey, NationalHouseholdTransportationSurveyEstimates]"
"38412","[]","[]","2009","[]","EveryWeekday_Mean_VehicleMilesTraveled_Household_With5Person_With3AvailableVehicles_LocalAreaTransportation","[NationalHouseholdTransportationSurveyEstimates]"
"38442","[]","[]","2009","[]","EveryWeekday_Mean_VehicleTrips_Household_With5Person_With1AvailableVehicles_LocalAreaTransportation","[NationalHouseholdTransportationSurveyEstimates]"
"38412","[]","[]","2009","[]","EveryWeekday_Mean_VehicleMilesTraveled_Household_With3Person_With2AvailableVehicles_LocalAreaTransportation","[NationalHouseholdTransportationSurveyEstimates_MarginOfErrorMoreThanACSSurvey, NationalHouseholdTransportationSurveyEstimates]"
"38412","[]","[]","2009","[]","EveryWeekday_Mean_VehicleMilesTraveled_Household_With3Person_With3AvailableVehicles_LocalAreaTransportation","[NationalHouseholdTransportationSurveyEstimates_MarginOfErrorMoreThanACSSurvey, NationalHouseholdTransportationSurveyEstimates]"
"38418","[]","[]","2009","[]","EveryWeekday_Mean_PersonMilesTraveled_Household_With4Person_With0AvailableVehicles_LocalAreaTransportation","[NationalHouseholdTransportationSurveyEstimates_MarginOfErrorMoreThanACSSurvey, NationalHouseholdTransportationSurveyEstimates]"
"38412","[]","[]","2009","[]","EveryWeekday_Mean_VehicleMilesTraveled_Household_With1Person_With3AvailableVehicles_LocalAreaTransportation","[NationalHouseholdTransportationSurveyEstimates_MarginOfErrorMoreThanACSSurvey, NationalHouseholdTransportationSurveyEstimates]"
"38414","[]","[]","2009","[]","EveryWeekday_Mean_VehicleMilesTraveled_Household_With1Person_With2AvailableVehicles_LocalAreaTransportation","[NationalHouseholdTransportationSurveyEstimates_MarginOfErrorMoreThanACSSurvey, NationalHouseholdTransportationSurveyEstimates]"
"38454","[]","[]","2009","[]","EveryWeekday_Mean_VehicleTrips_Household_With5Person_With0AvailableVehicles_LocalAreaTransportation","[NationalHouseholdTransportationSurveyEstimates]"
"39214","[]","[]","2009","[]","EveryWeekday_Mean_VehicleMilesTraveled_Household_LocalAreaTransportation","[NationalHouseholdTransportationSurveyEstimates_MarginOfErrorMoreThanACSSurvey, NationalHouseholdTransportationSurveyEstimates]"
"38417","[]","[]","2009","[]","EveryWeekday_Mean_PersonMilesTraveled_Household_With4Person_With4AvailableVehicles_LocalAreaTransportation","[NationalHouseholdTransportationSurveyEstimates_MarginOfErrorMoreThanACSSurvey, NationalHouseholdTransportationSurveyEstimates]"
"38426","[]","[]","2009","[]","EveryWeekday_Mean_PersonTrips_Household_With4Person_With3AvailableVehicles_LocalAreaTransportation","[NationalHouseholdTransportationSurveyEstimates_MarginOfErrorMoreThanACSSurvey, NationalHouseholdTransportationSurveyEstimates]"
"38413","[]","[]","2009","[]","EveryWeekday_Mean_VehicleMilesTraveled_Household_With5Person_With2AvailableVehicles_LocalAreaTransportation","[NationalHouseholdTransportationSurveyEstimates]"
"38436","[]","[]","2009","[]","EveryWeekday_Mean_PersonTrips_Household_With2Person_With3AvailableVehicles_LocalAreaTransportation","[NationalHouseholdTransportationSurveyEstimates_MarginOfErrorMoreThanACSSurvey, NationalHouseholdTransportationSurveyEstimates]"
"38426","[]","[]","2009","[]","EveryWeekday_Mean_PersonTrips_Household_With4Person_With4AvailableVehicles_LocalAreaTransportation","[NationalHouseholdTransportationSurveyEstimates_MarginOfErrorMoreThanACSSurvey, NationalHouseholdTransportationSurveyEstimates]"
"38417","[]","[]","2009","[]","EveryWeekday_Mean_PersonMilesTraveled_Household_With4Person_With3AvailableVehicles_LocalAreaTransportation","[NationalHouseholdTransportationSurveyEstimates_MarginOfErrorMoreThanACSSurvey, NationalHouseholdTransportationSurveyEstimates]"
"38420","[]","[]","2009","[]","EveryWeekday_Mean_PersonMilesTraveled_Household_With2Person_With0AvailableVehicles_LocalAreaTransportation","[NationalHouseholdTransportationSurveyEstimates_MarginOfErrorMoreThanACSSurvey, NationalHouseholdTransportationSurveyEstimates]"
"38417","[]","[]","2009","[]","EveryWeekday_Mean_PersonMilesTraveled_Household_With3Person_With4AvailableVehicles_LocalAreaTransportation","[NationalHouseholdTransportationSurveyEstimates_MarginOfErrorMoreThanACSSurvey, NationalHouseholdTransportationSurveyEstimates]"
"38438","[]","[]","2009","[]","EveryWeekday_Mean_VehicleTrips_Household_With2Person_With3AvailableVehicles_LocalAreaTransportation","[NationalHouseholdTransportationSurveyEstimates_MarginOfErrorMoreThanACSSurvey, NationalHouseholdTransportationSurveyEstimates]"
"38437","[]","[]","2009","[]","EveryWeekday_Mean_PersonTrips_Household_With3Person_With1AvailableVehicles_LocalAreaTransportation","[NationalHouseholdTransportationSurveyEstimates_MarginOfErrorMoreThanACSSurvey, NationalHouseholdTransportationSurveyEstimates]"
"38438","[]","[]","2009","[]","EveryWeekday_Mean_VehicleTrips_Household_With3Person_With3AvailableVehicles_LocalAreaTransportation","[NationalHouseholdTransportationSurveyEstimates_MarginOfErrorMoreThanACSSurvey, NationalHouseholdTransportationSurveyEstimates]"
"38454","[]","[]","2009","[]","EveryWeekday_Mean_VehicleTrips_Household_With2Person_With1AvailableVehicles_LocalAreaTransportation","[NationalHouseholdTransportationSurveyEstimates_MarginOfErrorMoreThanACSSurvey, NationalHouseholdTransportationSurveyEstimates]"
"38450","[]","[]","2009","[]","EveryWeekday_Mean_VehicleTrips_Household_With3Person_With1AvailableVehicles_LocalAreaTransportation","[NationalHouseholdTransportationSurveyEstimates_MarginOfErrorMoreThanACSSurvey, NationalHouseholdTransportationSurveyEstimates]"
"38417","[]","[]","2009","[]","EveryWeekday_Mean_PersonMilesTraveled_Household_With3Person_With0AvailableVehicles_LocalAreaTransportation","[NationalHouseholdTransportationSurveyEstimates_MarginOfErrorMoreThanACSSurvey, NationalHouseholdTransportationSurveyEstimates]"
"38417","[]","[]","2009","[]","EveryWeekday_Mean_PersonMilesTraveled_Household_With5Person_With1AvailableVehicles_LocalAreaTransportation","[NationalHouseholdTransportationSurveyEstimates]"
"38434","[]","[]","2009","[]","EveryWeekday_Mean_PersonTrips_Household_With1Person_With4AvailableVehicles_LocalAreaTransportation","[NationalHouseholdTransportationSurveyEstimates_MarginOfErrorMoreThanACSSurvey, NationalHouseholdTransportationSurveyEstimates]"
"38466","[]","[]","2009","[]","EveryWeekday_Mean_VehicleTrips_Household_With4Person_With0AvailableVehicles_LocalAreaTransportation","[NationalHouseholdTransportationSurveyEstimates_MarginOfErrorMoreThanACSSurvey, NationalHouseholdTransportationSurveyEstimates]"
"38417","[]","[]","2009","[]","EveryWeekday_Mean_VehicleMilesTraveled_Household_With2Person_With1AvailableVehicles_LocalAreaTransportation","[NationalHouseholdTransportationSurveyEstimates_MarginOfErrorMoreThanACSSurvey, NationalHouseholdTransportationSurveyEstimates]"
"38414","[]","[]","2009","[]","EveryWeekday_Mean_VehicleMilesTraveled_Household_With2Person_With3AvailableVehicles_LocalAreaTransportation","[NationalHouseholdTransportationSurveyEstimates_MarginOfErrorMoreThanACSSurvey, NationalHouseholdTransportationSurveyEstimates]"
"38449","[]","[]","2009","[]","EveryWeekday_Mean_VehicleMilesTraveled_Household_With4Person_With0AvailableVehicles_LocalAreaTransportation","[NationalHouseholdTransportationSurveyEstimates_MarginOfErrorMoreThanACSSurvey, NationalHouseholdTransportationSurveyEstimates]"
"38421","[]","[]","2009","[]","EveryWeekday_Mean_PersonMilesTraveled_Household_With1Person_With1AvailableVehicles_LocalAreaTransportation","[NationalHouseholdTransportationSurveyEstimates_MarginOfErrorMoreThanACSSurvey, NationalHouseholdTransportationSurveyEstimates]"
"38425","[]","[]","2009","[]","EveryWeekday_Mean_PersonTrips_Household_With5Person_With4AvailableVehicles_LocalAreaTransportation","[NationalHouseholdTransportationSurveyEstimates]"
"38413","[]","[]","2009","[]","EveryWeekday_Mean_VehicleMilesTraveled_Household_With4Person_With4AvailableVehicles_LocalAreaTransportation","[NationalHouseholdTransportationSurveyEstimates_MarginOfErrorMoreThanACSSurvey, NationalHouseholdTransportationSurveyEstimates]"
"38428","[]","[]","2009","[]","EveryWeekday_Mean_PersonTrips_Household_With3Person_With3AvailableVehicles_LocalAreaTransportation","[NationalHouseholdTransportationSurveyEstimates_MarginOfErrorMoreThanACSSurvey, NationalHouseholdTransportationSurveyEstimates]"
"38482","[]","[]","2009","[]","EveryWeekday_Mean_PersonTrips_Household_With1Person_With0AvailableVehicles_LocalAreaTransportation","[NationalHouseholdTransportationSurveyEstimates_MarginOfErrorMoreThanACSSurvey, NationalHouseholdTransportationSurveyEstimates]"
"38417","[]","[]","2009","[]","EveryWeekday_Mean_PersonMilesTraveled_Household_With5Person_With3AvailableVehicles_LocalAreaTransportation","[NationalHouseholdTransportationSurveyEstimates]"
"38437","[]","[]","2009","[]","EveryWeekday_Mean_PersonTrips_Household_With1Person_With2AvailableVehicles_LocalAreaTransportation","[NationalHouseholdTransportationSurveyEstimates_MarginOfErrorMoreThanACSSurvey, NationalHouseholdTransportationSurveyEstimates]"
"38414","[]","[]","2009","[]","EveryWeekday_Mean_VehicleMilesTraveled_Household_With4Person_With2AvailableVehicles_LocalAreaTransportation","[NationalHouseholdTransportationSurveyEstimates_MarginOfErrorMoreThanACSSurvey, NationalHouseholdTransportationSurveyEstimates]"
"38417","[]","[]","2009","[]","EveryWeekday_Mean_PersonMilesTraveled_Household_With3Person_With2AvailableVehicles_LocalAreaTransportation","[NationalHouseholdTransportationSurveyEstimates_MarginOfErrorMoreThanACSSurvey, NationalHouseholdTransportationSurveyEstimates]"
"38433","[]","[]","2009","[]","EveryWeekday_Mean_PersonTrips_Household_With5Person_With0AvailableVehicles_LocalAreaTransportation","[NationalHouseholdTransportationSurveyEstimates]"
"38417","[]","[]","2009","[]","EveryWeekday_Mean_PersonMilesTraveled_Household_With1Person_With3AvailableVehicles_LocalAreaTransportation","[NationalHouseholdTransportationSurveyEstimates_MarginOfErrorMoreThanACSSurvey, NationalHouseholdTransportationSurveyEstimates]"
"38430","[]","[]","2009","[]","EveryWeekday_Mean_VehicleTrips_Household_With2Person_With4AvailableVehicles_LocalAreaTransportation","[NationalHouseholdTransportationSurveyEstimates_MarginOfErrorMoreThanACSSurvey, NationalHouseholdTransportationSurveyEstimates]"
"38430","[]","[]","2009","[]","EveryWeekday_Mean_PersonTrips_Household_With4Person_With2AvailableVehicles_LocalAreaTransportation","[NationalHouseholdTransportationSurveyEstimates_MarginOfErrorMoreThanACSSurvey, NationalHouseholdTransportationSurveyEstimates]"
"38448","[]","[]","2009","[]","EveryWeekday_Mean_VehicleTrips_Household_With1Person_With2AvailableVehicles_LocalAreaTransportation","[NationalHouseholdTransportationSurveyEstimates_MarginOfErrorMoreThanACSSurvey, NationalHouseholdTransportationSurveyEstimates]"
"38441","[]","[]","2009","[]","EveryWeekday_Mean_PersonTrips_Household_With3Person_With0AvailableVehicles_LocalAreaTransportation","[NationalHouseholdTransportationSurveyEstimates_MarginOfErrorMoreThanACSSurvey, NationalHouseholdTransportationSurveyEstimates]"
"38433","[]","[]","2009","[]","EveryWeekday_Mean_VehicleTrips_Household_With4Person_With4AvailableVehicles_LocalAreaTransportation","[NationalHouseholdTransportationSurveyEstimates_MarginOfErrorMoreThanACSSurvey, NationalHouseholdTransportationSurveyEstimates]"
"38412","[]","[]","2009","[]","EveryWeekday_Mean_VehicleMilesTraveled_Household_With1Person_With4AvailableVehicles_LocalAreaTransportation","[NationalHouseholdTransportationSurveyEstimates_MarginOfErrorMoreThanACSSurvey, NationalHouseholdTransportationSurveyEstimates]"
"39214","[]","[]","2009","[]","EveryWeekday_Mean_PersonMilesTraveled_Household_LocalAreaTransportation","[NationalHouseholdTransportationSurveyEstimates_MarginOfErrorMoreThanACSSurvey, NationalHouseholdTransportationSurveyEstimates]"
"38439","[]","[]","2009","[]","EveryWeekday_Mean_VehicleTrips_Household_With3Person_With2AvailableVehicles_LocalAreaTransportation","[NationalHouseholdTransportationSurveyEstimates_MarginOfErrorMoreThanACSSurvey, NationalHouseholdTransportationSurveyEstimates]"
"38498","[]","[]","2009","[]","EveryWeekday_Mean_VehicleTrips_Household_With2Person_With0AvailableVehicles_LocalAreaTransportation","[NationalHouseholdTransportationSurveyEstimates_MarginOfErrorMoreThanACSSurvey, NationalHouseholdTransportationSurveyEstimates]"
"38414","[]","[]","2009","[]","EveryWeekday_Mean_VehicleMilesTraveled_Household_With1Person_With1AvailableVehicles_LocalAreaTransportation","[NationalHouseholdTransportationSurveyEstimates_MarginOfErrorMoreThanACSSurvey, NationalHouseholdTransportationSurveyEstimates]"
"38477","[]","[]","2009","[]","EveryWeekday_Mean_VehicleMilesTraveled_Household_With1Person_With0AvailableVehicles_LocalAreaTransportation","[NationalHouseholdTransportationSurveyEstimates_MarginOfErrorMoreThanACSSurvey, NationalHouseholdTransportationSurveyEstimates]"
"38433","[]","[]","2009","[]","EveryWeekday_Mean_VehicleTrips_Household_With5Person_With2AvailableVehicles_LocalAreaTransportation","[NationalHouseholdTransportationSurveyEstimates]"
"38417","[]","[]","2009","[]","EveryWeekday_Mean_PersonMilesTraveled_Household_With4Person_With1AvailableVehicles_LocalAreaTransportation","[NationalHouseholdTransportationSurveyEstimates_MarginOfErrorMoreThanACSSurvey, NationalHouseholdTransportationSurveyEstimates]"
"38412","[]","[]","2009","[]","EveryWeekday_Mean_VehicleMilesTraveled_Household_With3Person_With4AvailableVehicles_LocalAreaTransportation","[NationalHouseholdTransportationSurveyEstimates_MarginOfErrorMoreThanACSSurvey, NationalHouseholdTransportationSurveyEstimates]"
"38414","[]","[]","2009","[]","EveryWeekday_Mean_VehicleMilesTraveled_Household_With5Person_With1AvailableVehicles_LocalAreaTransportation","[NationalHouseholdTransportationSurveyEstimates]"
"38462","[]","[]","2009","[]","EveryWeekday_Mean_VehicleMilesTraveled_Household_With3Person_With0AvailableVehicles_LocalAreaTransportation","[NationalHouseholdTransportationSurveyEstimates_MarginOfErrorMoreThanACSSurvey, NationalHouseholdTransportationSurveyEstimates]"
"38440","[]","[]","2009","[]","EveryWeekday_Mean_PersonTrips_Household_With2Person_With1AvailableVehicles_LocalAreaTransportation","[NationalHouseholdTransportationSurveyEstimates_MarginOfErrorMoreThanACSSurvey, NationalHouseholdTransportationSurveyEstimates]"
"38417","[]","[]","2009","[]","EveryWeekday_Mean_PersonMilesTraveled_Household_With2Person_With2AvailableVehicles_LocalAreaTransportation","[NationalHouseholdTransportationSurveyEstimates_MarginOfErrorMoreThanACSSurvey, NationalHouseholdTransportationSurveyEstimates]"
"38417","[]","[]","2009","[]","EveryWeekday_Mean_PersonMilesTraveled_Household_With4Person_With2AvailableVehicles_LocalAreaTransportation","[NationalHouseholdTransportationSurveyEstimates_MarginOfErrorMoreThanACSSurvey, NationalHouseholdTransportationSurveyEstimates]"
"38417","[]","[]","2009","[]","EveryWeekday_Mean_PersonMilesTraveled_Household_With2Person_With1AvailableVehicles_LocalAreaTransportation","[NationalHouseholdTransportationSurveyEstimates_MarginOfErrorMoreThanACSSurvey, NationalHouseholdTransportationSurveyEstimates]"
"38412","[]","[]","2009","[]","EveryWeekday_Mean_VehicleMilesTraveled_Household_With5Person_With4AvailableVehicles_LocalAreaTransportation","[NationalHouseholdTransportationSurveyEstimates]"
"38433","[]","[]","2009","[]","EveryWeekday_Mean_PersonTrips_Household_With2Person_With2AvailableVehicles_LocalAreaTransportation","[NationalHouseholdTransportationSurveyEstimates_MarginOfErrorMoreThanACSSurvey, NationalHouseholdTransportationSurveyEstimates]"
"38414","[]","[]","2009","[]","EveryWeekday_Mean_VehicleMilesTraveled_Household_With3Person_With1AvailableVehicles_LocalAreaTransportation","[NationalHouseholdTransportationSurveyEstimates_MarginOfErrorMoreThanACSSurvey, NationalHouseholdTransportationSurveyEstimates]"
"38417","[]","[]","2009","[]","EveryWeekday_Mean_PersonMilesTraveled_Household_With1Person_With4AvailableVehicles_LocalAreaTransportation","[NationalHouseholdTransportationSurveyEstimates_MarginOfErrorMoreThanACSSurvey, NationalHouseholdTransportationSurveyEstimates]"
"38429","[]","[]","2009","[]","EveryWeekday_Mean_PersonTrips_Household_With5Person_With1AvailableVehicles_LocalAreaTransportation","[NationalHouseholdTransportationSurveyEstimates]"
"38439","[]","[]","2009","[]","EveryWeekday_Mean_VehicleTrips_Household_With1Person_With3AvailableVehicles_LocalAreaTransportation","[NationalHouseholdTransportationSurveyEstimates_MarginOfErrorMoreThanACSSurvey, NationalHouseholdTransportationSurveyEstimates]"
"38456","[]","[]","2009","[]","EveryWeekday_Mean_VehicleMilesTraveled_Household_With5Person_With0AvailableVehicles_LocalAreaTransportation","[NationalHouseholdTransportationSurveyEstimates]"
"38434","[]","[]","2009","[]","EveryWeekday_Mean_PersonTrips_Household_With4Person_With1AvailableVehicles_LocalAreaTransportation","[NationalHouseholdTransportationSurveyEstimates_MarginOfErrorMoreThanACSSurvey, NationalHouseholdTransportationSurveyEstimates]"
"38417","[]","[]","2009","[]","EveryWeekday_Mean_PersonMilesTraveled_Household_With2Person_With4AvailableVehicles_LocalAreaTransportation","[NationalHouseholdTransportationSurveyEstimates_MarginOfErrorMoreThanACSSurvey, NationalHouseholdTransportationSurveyEstimates]"
"38436","[]","[]","2009","[]","EveryWeekday_Mean_VehicleTrips_Household_With4Person_With3AvailableVehicles_LocalAreaTransportation","[NationalHouseholdTransportationSurveyEstimates_MarginOfErrorMoreThanACSSurvey, NationalHouseholdTransportationSurveyEstimates]"
"38471","[]","[]","2009","[]","EveryWeekday_Mean_VehicleTrips_Household_With1Person_With1AvailableVehicles_LocalAreaTransportation","[NationalHouseholdTransportationSurveyEstimates_MarginOfErrorMoreThanACSSurvey, NationalHouseholdTransportationSurveyEstimates]"
"38433","[]","[]","2009","[]","EveryWeekday_Mean_VehicleTrips_Household_With5Person_With3AvailableVehicles_LocalAreaTransportation","[NationalHouseholdTransportationSurveyEstimates]"
"39214","[]","[]","2009","[]","EveryWeekday_Mean_VehicleTrips_Household_LocalAreaTransportation","[NationalHouseholdTransportationSurveyEstimates_MarginOfErrorMoreThanACSSurvey, NationalHouseholdTransportationSurveyEstimates]"
"38413","[]","[]","2009","[]","EveryWeekday_Mean_VehicleMilesTraveled_Household_With4Person_With3AvailableVehicles_LocalAreaTransportation","[NationalHouseholdTransportationSurveyEstimates_MarginOfErrorMoreThanACSSurvey, NationalHouseholdTransportationSurveyEstimates]"
"38417","[]","[]","2009","[]","EveryWeekday_Mean_PersonMilesTraveled_Household_With5Person_With2AvailableVehicles_LocalAreaTransportation","[NationalHouseholdTransportationSurveyEstimates]"
"38442","[]","[]","2009","[]","EveryWeekday_Mean_VehicleTrips_Household_With4Person_With1AvailableVehicles_LocalAreaTransportation","[NationalHouseholdTransportationSurveyEstimates_MarginOfErrorMoreThanACSSurvey, NationalHouseholdTransportationSurveyEstimates]"
"38413","[]","[]","2009","[]","EveryWeekday_Mean_VehicleMilesTraveled_Household_With2Person_With2AvailableVehicles_LocalAreaTransportation","[NationalHouseholdTransportationSurveyEstimates_MarginOfErrorMoreThanACSSurvey, NationalHouseholdTransportationSurveyEstimates]"
"38436","[]","[]","2009","[]","EveryWeekday_Mean_PersonTrips_Household_With1Person_With3AvailableVehicles_LocalAreaTransportation","[NationalHouseholdTransportationSurveyEstimates_MarginOfErrorMoreThanACSSurvey, NationalHouseholdTransportationSurveyEstimates]"
"38417","[]","[]","2009","[]","EveryWeekday_Mean_PersonMilesTraveled_Household_With5Person_With0AvailableVehicles_LocalAreaTransportation","[NationalHouseholdTransportationSurveyEstimates]"
"38428","[]","[]","2009","[]","EveryWeekday_Mean_PersonTrips_Household_With3Person_With2AvailableVehicles_LocalAreaTransportation","[NationalHouseholdTransportationSurveyEstimates_MarginOfErrorMoreThanACSSurvey, NationalHouseholdTransportationSurveyEstimates]"
"38452","[]","[]","2009","[]","EveryWeekday_Mean_PersonTrips_Household_With1Person_With1AvailableVehicles_LocalAreaTransportation","[NationalHouseholdTransportationSurveyEstimates_MarginOfErrorMoreThanACSSurvey, NationalHouseholdTransportationSurveyEstimates]"
"38423","[]","[]","2009","[]","EveryWeekday_Mean_PersonTrips_Household_With5Person_With3AvailableVehicles_LocalAreaTransportation","[NationalHouseholdTransportationSurveyEstimates]"
"38417","[]","[]","2009","[]","EveryWeekday_Mean_PersonMilesTraveled_Household_With3Person_With3AvailableVehicles_LocalAreaTransportation","[NationalHouseholdTransportationSurveyEstimates_MarginOfErrorMoreThanACSSurvey, NationalHouseholdTransportationSurveyEstimates]"
"38417","[]","[]","2009","[]","EveryWeekday_Mean_PersonMilesTraveled_Household_With1Person_With2AvailableVehicles_LocalAreaTransportation","[NationalHouseholdTransportationSurveyEstimates_MarginOfErrorMoreThanACSSurvey, NationalHouseholdTransportationSurveyEstimates]"
"38414","[]","[]","2009","[]","EveryWeekday_Mean_VehicleMilesTraveled_Household_With4Person_With1AvailableVehicles_LocalAreaTransportation","[NationalHouseholdTransportationSurveyEstimates_MarginOfErrorMoreThanACSSurvey, NationalHouseholdTransportationSurveyEstimates]"
"38421","[]","[]","2009","[]","EveryWeekday_Mean_PersonMilesTraveled_Household_With1Person_With0AvailableVehicles_LocalAreaTransportation","[NationalHouseholdTransportationSurveyEstimates_MarginOfErrorMoreThanACSSurvey, NationalHouseholdTransportationSurveyEstimates]"
"38427","[]","[]","2009","[]","EveryWeekday_Mean_PersonTrips_Household_With3Person_With4AvailableVehicles_LocalAreaTransportation","[NationalHouseholdTransportationSurveyEstimates_MarginOfErrorMoreThanACSSurvey, NationalHouseholdTransportationSurveyEstimates]"
"38417","[]","[]","2009","[]","EveryWeekday_Mean_PersonMilesTraveled_Household_With3Person_With1AvailableVehicles_LocalAreaTransportation","[NationalHouseholdTransportationSurveyEstimates_MarginOfErrorMoreThanACSSurvey, NationalHouseholdTransportationSurveyEstimates]"
"38460","[]","[]","2009","[]","EveryWeekday_Mean_VehicleMilesTraveled_Household_With2Person_With0AvailableVehicles_LocalAreaTransportation","[NationalHouseholdTransportationSurveyEstimates_MarginOfErrorMoreThanACSSurvey, NationalHouseholdTransportationSurveyEstimates]"
"38417","[]","[]","2009","[]","EveryWeekday_Mean_PersonMilesTraveled_Household_With5Person_With4AvailableVehicles_LocalAreaTransportation","[NationalHouseholdTransportationSurveyEstimates]"
